<?xml version="1.0" encoding="utf-8"?>
<ArrayOfZPLCommand xmlns:xsi="http://www.w3.org/2001/XMLSchema-instance" xmlns:xsd="http://www.w3.org/2001/XMLSchema">
  <ZPLCommand>
    <Name>^A</Name>
    <Category>Text</Category>
    <ShortDesc>Scalable/Bitmapped Font</ShortDesc>
    <LongDesc>The ^A command specifies the font to use in a text field. ^A designates the font for the current ^FD statement or field.\r\nThe font specified by ^A is used only once for that ^FD entry.\r\nIf a value for ^A is not specified again, the default ^CF font is used for the next ^FD entry.</LongDesc>
    <Usage>^Afo,h,w\r\nImportant: Parameter f is required. If f is omitted it defaults to the last value of the ^CF command.\r\nf = font name - Accepted Values: A through Z, and 0 to 9. Any font in the printer (downloaded, EPROM, stored fonts, fonts A through Z and 0 to 9).\r\no = field orientation - Accepted Values: N = normal R = rotated 90 degrees (clockwise) I = inverted 180 degrees B = read from bottom up, 270 degrees\r\nh = character Height (in dots) - Scalable Accepted Values: 10 to 32000 Default Value: last accepted ^CF\r\nw = width (in dots) - Scalable Accepted Values: 10 to 32000 Default Value: last accepted ^CF</Usage>
    <Command>^A|fo,h,w</Command>
  </ZPLCommand>
  <ZPLCommand>
    <Name>^A@</Name>
    <Category>Text</Category>
    <ShortDesc>Use Font Name to Call Font</ShortDesc>
    <LongDesc>The ^A@ command uses the complete name of a font, rather than the character designation used in ^A.\r\nOnce a value for ^A@ is defined, it represents that font until a new font name is specified by ^A@.</LongDesc>
    <Usage>^A@o,h,w,d:o.x\r\no = field orientation - Accepted Values: N = normal R = rotated 90 degrees (clockwise) I = inverted 180 degrees B = read from bottom up, 270 degrees\r\nh = character Height (in dots) - Scalable Accepted Values: 10 to 32000 Default Value: last accepted ^CF\r\nw = width (in dots) - Scalable Accepted Values: 10 to 32000 Default Value: last accepted ^CF\r\nd = drive location of font - Accepted Values: R:, E:, B:, and A:\r\no = font name - Accepted Values: any valid font\r\nx = extension - Accepted Values: .FNT = Font - .TTF = TrueType Font - .TTE = TrueType Extension.</Usage>
    <Command>^A@|o,h,w,d:o.x</Command>
  </ZPLCommand>
  <ZPLCommand>
    <Name>^B0</Name>
    <Category>Barcode</Category>
    <ShortDesc>Aztec Bar Code Parameters</ShortDesc>
    <LongDesc>The ^B0 command creates a two-dimensional matrix symbology made up of square modules arranged around a bulls-eye pattern at the center.</LongDesc>
    <Usage>^B0a,b,c,d,e,f,g\r\na = orientation - Accepted Values: N = normal - R = rotated - I = inverted 180 degrees - B = read from bottom up, 270 degrees\r\nb = magnification factor - Accepted Values: 1 to 10 - 1 on 150 dpi printers - 2 on 200 dpi printers - 3 on 300 dpi printers - 6 on 600 dpi printers\r\nc = extended channel interpretation code indicator - Accepted Values: Y = if data contains ECICs - N = if data does not contain ECICs\r\nd = error control and symbol size/type indicator - Accepted Values: 0 = default error correction level - 01 to 99 = error correction percentage (minimum) - 101 to 104 = 1 to 4-layer compact symbol - 201 to 232 = 1 to 32-layer full-range symbol - 300 = a simple Aztec "Rune"\r\ne = menu symbol indicator - Accepted Values: Y = if this symbol is to be a menu (bar code reader initialization) symbol - N = if it is not a menu symbol\r\nf = number of symbols for structured append - Accepted Values: 1 through 26\r\ng = optional ID field for structured append - The ID field is a text string with 24-character maximum</Usage>
    <Command>^B0|a,b,c,d,e,f,g</Command>
  </ZPLCommand>
  <ZPLCommand>
    <Name>^B1</Name>
    <Category>Barcode</Category>
    <ShortDesc>Code 11 Bar Code</ShortDesc>
    <LongDesc>The ^B1 command produces the Code 11 bar code, also known as USD-8 code. In a Code 11 bar code, each character is composed of three bars and two spaces, and the character set includes 10 digits and the hyphen (-)</LongDesc>
    <Usage>^B1o,e,h,f,g\r\no = orientation - Accepted Values: N = normal - R = rotated 90 degrees (clockwise) - I = inverted 180 degrees - B = read from bottom up, 270 degrees\r\ne = check digit - Accepted Values: Y = 1 digit - N = 2 digits\r\nh = bar code height (in dots) - Accepted Values: 1 to 32000\r\nf = print interpretation line - Accepted Values: Y = yes - N = no\r\ng = print interpretation line above code - Accepted Values: Y = yes - N = no</Usage>
    <Command>^B1|o,e,h,f,g</Command>
  </ZPLCommand>
  <ZPLCommand>
    <Name>^B2</Name>
    <Category>Barcode</Category>
    <ShortDesc>Interleaved 2 of 5 Bar Code</ShortDesc>
    <LongDesc>The ^B2 command produces the Interleaved 2 of 5 bar code, a high-density, self-checking, continuous, numeric symbology.</LongDesc>
    <Usage>^B2o,h,f,g,e\r\no = orientation - Accepted Values: N = normal - R = rotated 90 degrees (clockwise) - I = inverted 180 degrees - B = read from bottom up, 270 degrees.\r\nh = bar code height (in dots) - Accepted Values: 1 to 32000.\r\nf = print interpretation line - Accepted Values: Y = yes - N = no.\r\ng = print interpretation line above code - Accepted Values: Y = yes - N = no.\r\ne = calculate and print mod10 check digit - Accepted Values: Y = yes - N = no.</Usage>
    <Command>^B2|o,h,f,g,e</Command>
  </ZPLCommand>
  <ZPLCommand>
    <Name>^B3</Name>
    <Category>Barcode</Category>
    <ShortDesc>Code 39 Bar Code</ShortDesc>
    <LongDesc>The Code 39 bar code is the standard for many industries, including the U.S. Department of Defense. It is one of three symbologies identified in the American National Standards Institute (ANSI) standard MH10.8M-1983. Code 39 is also known as USD-3 Code and 3 of 9 Code.</LongDesc>
    <Usage>^B3o,e,h,f,g\r\no = orientation - Accepted Values: N = normal - R = rotated 90 degrees (clockwise) - I = inverted 180 degrees - B = read from bottom up, 270 degrees\r\ne = Mod-43 check digit - Accepted Values: Y = yes - N = no\r\nh = bar code height (in dots) - Accepted Values: 1 to 32000\r\nf = print interpretation line - Accepted Values: Y = yes- N = no\r\ng = print interpretation line above code - Accepted Values: Y = yes - N = no</Usage>
    <Command>^B3|o,e,h,f,g</Command>
  </ZPLCommand>
  <ZPLCommand>
    <Name>^B4</Name>
    <Category>Barcode</Category>
    <ShortDesc>Code 49 Bar Code</ShortDesc>
    <LongDesc>The ^B4 command creates a multi-row, continuous, variable-length symbology capable of encoding the full 128-character ASCII set. It is ideally suited for applications requiring large amounts of data in a small space.\r\nThe code consists of two to eight rows. A row consists of a leading quiet zone, four symbol characters encoding eight code characters, a stop pattern, and a trailing quiet zone. A separator bar with a height of one module separates each row. Each symbol character encodes two characters from a set of Code 49 characters</LongDesc>
    <Usage>^B4o,h,f,m\r\no = orientation - Accepted Values: N = normal - R = rotated 90 degrees (clockwise) - I = inverted 180 degrees - B = read from bottom up, 270 degrees\r\nh = height multiplier of individual rows - Accepted Values: 1 to height of label\r\nf = print interpretation line - Accepted Values: N = no line printed - A = print interpretation line above code - B = print interpretation line below code\r\nm = starting mode - Accepted Values: 0 = Regular Alphanumeric Mode - 1 = Multiple Read Alphanumeric - 2 = Regular Numeric Mode - 3 = Group Alphanumeric Mode - 4 = Regular Alphanumeric Shift 1 - 5 = Regular Alphanumeric Shift 2 - A = Automatic Mode. The printer determines the starting mode by analyzing the field data.</Usage>
    <Command>^B4|o,h,f,m</Command>
  </ZPLCommand>
  <ZPLCommand>
    <Name>^B5</Name>
    <Category>Barcode</Category>
    <ShortDesc>Planet Code Bar Code</ShortDesc>
    <LongDesc>The ^B5 command is supported in all printers as a resident bar code.</LongDesc>
    <Usage>^B5o,h,f,g\r\no = orientation code - Accepted Values: N = normal - R = rotated - I = inverted 180 degrees - B = read from bottom up, 270 degrees\r\nh = bar code height (in dots) - Accepted Values: 1 to 9999\r\nf = interpretation line - Accepted Values: N = no - Y = yes\r\ng = determines if the interpretation line is printed above the barcode - Accepted Values: N = no - Y = yes</Usage>
    <Command>^B5|o,h,f,g</Command>
  </ZPLCommand>
  <ZPLCommand>
    <Name>^B7</Name>
    <Category>Barcode</Category>
    <ShortDesc>PDF417 Bar Code</ShortDesc>
    <LongDesc>The ^B7 command produces the PDF417 bar code, a two-dimensional, multirow, continuous, stacked symbology. PDF417 is capable of encoding over 1,000 characters per bar code. It is ideally suited for applications requiring large amounts of information at the time the bar code is read.\r\nThe bar code consists of three to 90 stacked rows. Each row consists of start and stop patterns and symbol characters called code-words. A code-word consists of four bars and four spaces.\r\nA three code-word minimum is required per row.\r\nThe PDF417 bar code is also capable of using the structured append option (^FM), which allows you to extend the field data limitations by printing multiple bar codes. For more information on using structured append, see ^FM.</LongDesc>
    <Usage>^B7o,h,s,c,r,t\r\no = orientation - Accepted Values: N = normal - R = rotated 90 degrees (clockwise) - I = inverted 180 degrees - B = read from bottom up, 270 degrees\r\nh = bar code height for individual rows (in dots) - Accepted Values: 1 to height of label\r\ns = security level - Accepted Values: 1 to 8 (error detection and correction)\r\nc = number of data columns to encode - Accepted Values: 1 to 30\r\nr = number of rows to encode - Accepted Values: 3 to 90\r\nt = truncate right row indicators and stop pattern - Accepted Values: N = no truncation - Y = perform truncation</Usage>
    <Command>^B7|o,h,s,c,r,t</Command>
  </ZPLCommand>
  <ZPLCommand>
    <Name>^B8</Name>
    <Category>Barcode</Category>
    <ShortDesc>EAN8 Bar Code</ShortDesc>
    <LongDesc>The ^B8 command produces the EAN8 bar code, a shortened version of the EAN-13 bar code.</LongDesc>
    <Usage>^B8o,h,f,g\r\no = orientation - Accepted Values: N = normal - R = rotated 90 degrees (clockwise) - I = inverted 180 degrees - B = read from bottom up, 270 degrees.\r\nh = bar code height (in dots) - Accepted Values: 1 to 32000.\r\nf = print interpretation line - Accepted Values: Y = yes - N = no.\r\ng = print interpretation line above code - Accepted Values: Y = yes - N = no.</Usage>
    <Command>^B8|o,h,f,g</Command>
  </ZPLCommand>
  <ZPLCommand>
    <Name>^B9</Name>
    <Category>Barcode</Category>
    <ShortDesc>UPC-E Bar Code</ShortDesc>
    <LongDesc>The ^B9 command produces a variation of the UPC symbology used for number system 0. It is a shortened version of the UPC-A bar code, where zeros are suppressed, resulting in codes that require less printing space. The 6 dot/mm, 12 dot/mm, and 24 dot/mm printheads produce the UPC and EAN symbologies at 100 percent of their size. However, an 8 dot/mm printhead produces the UPC and EAN symbologies at a magnification factor of 77 percent.\r\nEach character in a UPC-E bar code is composed of four elements: two bars and two spaces. The ^BY command must be used to specify the width of the narrow bar.</LongDesc>
    <Usage>^B9o,h,f,g,e\r\no = orientation - Accepted Values: N = normal - R = rotated 90 degrees (clockwise) - I = inverted 180 degrees - B = read from bottom up, 270 degrees\r\nh = bar code height (in dots) - Accepted Values: 1 to 32000\r\nf = print interpretation line - Accepted Values: N = no - Y = yes\r\ng = print interpretation line above code - Accepted Values: N = no - Y = yes\r\ne = print check digit - Accepted Values: N = no - Y = yes</Usage>
    <Command>^B9|o,h,f,g,e</Command>
  </ZPLCommand>
  <ZPLCommand>
    <Name>^BA</Name>
    <Category>Barcode</Category>
    <ShortDesc>Code 93 Bar Code</ShortDesc>
    <LongDesc>The ^BA command creates a variable length, continuous symbology. The Code 93 bar code is used in many of the same applications as Code 39. It uses the full 128-character ASCII set. ZPL II, however, does not support ASCII control codes or escape sequences. It uses the substitute characters shown in ZPL User Guide P74</LongDesc>
    <Usage>^BAo,h,f,g,e\r\no = orientation - Accepted Values: N = normal - R = rotated 90 degrees (clockwise) - I = inverted 180 degrees - B = read from bottom up, 270 degrees\r\nh = bar code height (in dots) - Accepted Values: 1 to 32000\r\nf = print interpretation line - Accepted Values: N = no - Y = yes\r\ng = print interpretation line above code - Accepted Values: N = no - Y = yes\r\ne = print check digit - Accepted Values: N = no - Y = yes</Usage>
    <Command>^BA|o,h,f,g,e</Command>
  </ZPLCommand>
  <ZPLCommand>
    <Name>^BB</Name>
    <Category>Barcode</Category>
    <ShortDesc>CODABLOCK Bar Code</ShortDesc>
    <LongDesc>The ^BB command produces a two-dimensional, multirow, stacked symbology. It is ideally suited for applications that require large amounts of information.Depending on the mode selected, the code consists of one to 44 stacked rows. Each row begins and ends with a start and stop pattern.\r\n- CODABLOCK A supports variable print ratios.\r\n- CODABLOCK E and F support only fixed print ratios.</LongDesc>
    <Usage>^BBo,h,s,c,r,m\r\no = orientation - Accepted Values: N = normal - R = rotated 90 degrees (clockwise) - I = inverted 180 degrees - B = read from bottom up, 270 degrees\r\nh = bar code height for individual rows (in dots) - Accepted Values: 2 to 32000 \r\ns = security level - Accepted Values: N = no - Y = yes\r\nc = number of characters per row (data columns) - Accepted Values: 2 to 62 characters\r\nr = number of rows to encode - Accepted Values: for CODABLOCK A: 1 to 22 - for CODABLOCK E and F: 2 to 4\r\nm = mode - Accepted Values: A, E, F - CODABLOCK A uses the Code 39 character set. - CODABLOCK F uses the Code 128 character set. - CODABLOCK E uses the Code 128 character set and automatically adds FNC1.</Usage>
    <Command>^BB|o,h,s,c,r,m</Command>
  </ZPLCommand>
  <ZPLCommand>
    <Name>^BC</Name>
    <Category>Barcode</Category>
    <ShortDesc>Code 128 Bar Code</ShortDesc>
    <LongDesc>The ^BC command creates the Code 128 bar code, a high-density, variable length, continuous, alphanumeric symbology. It was designed for complexly encoded product identification.\r\nCode 128 has three subsets of characters. There are 106 encoded printing characters in each set, and each character can have up to three different meanings, depending on the character subset being used. Each Code 128 character consists of six elements: three bars and three spaces</LongDesc>
    <Usage>^BCo,h,f,g,e,m\r\no = orientation - Accepted Values: N = normal - R = rotated 90 degrees (clockwise) - I = inverted 180 degrees - B = read from bottom up, 270 degrees\r\nh = bar code height (in dots) - Accepted Values: 2 to 32000 \r\nf = print interpretation line - Accepted Values: Y (yes) or N (no)\r\ng = print interpretation line above code - Accepted Values: Y (yes) or N (no)\r\ne = UCC check digit - Accepted Values: Y (turns on) or N (turns off)\r\nm = mode - Accepted Values: N = no selected mode - U = UCC Case Mode: More than 19 digits in ^FD or ^SN are eliminated. Fewer than 19 digits in ^FD or ^SN add zeros to the right to bring the count to 19. This produces an invalid interpretation line. - A = Automatic Mode: This analyzes the data sent and automatically determines the best packing method. The full ASCII character set can be used in the ^FD statement - the printer determines when to shift subsets. A string of four or more numeric digits causes an automatic shift to Subset C. - D = UCC/EAN Mode (x.11.x and newer firmware) This allows dealing with UCC/EAN with and without chained application identifiers. The code starts in the appropriate subset followed by FNC1 to indicate a UCC/EAN 128 bar code. The printer automatically strips out parentheses and spaces for encoding, but prints them in the human-readable section. The printer automatically determines if a check digit is required, calculate it, and print it. Automatically sizes the human readable.</Usage>
    <Command>^BC|o,h,f,g,e,m</Command>
  </ZPLCommand>
  <ZPLCommand>
    <Name>^BD</Name>
    <Category>Barcode</Category>
    <ShortDesc>UPS MaxiCode Bar Code</ShortDesc>
    <LongDesc>The ^BD command creates a two-dimensional, optically read (not scanned) code. This symbology was developed by UPS (United Parcel Service).\r\nNotice that there are no additional parameters for this code and it does not generate an interpretation line. The ^BY command has no effect on the UPS MaxiCode bar code.\r\nHowever, the ^CV command can be activated.</LongDesc>
    <Usage>^BDm,n,t\r\nm = mode - Accepted Values : 2 = structured carrier message: numeric postal code (U.S.) - 3 = structured carrier message: alphanumeric postal code (non-U.S.) - 4 = standard symbol, secretary - 5 = full EEC - 6 = reader program, secretary\r\nn = symbol number - Accepted Values: 1 to 8 can be added in a structured document\r\nt = total number of symbols - Accepted Values: 1 to 8, representing the total number of symbols in this sequence</Usage>
    <Command>^BD|m,n,t</Command>
  </ZPLCommand>
  <ZPLCommand>
    <Name>^BE</Name>
    <Category>Barcode</Category>
    <ShortDesc>EAN13 Bar Code</ShortDesc>
    <LongDesc>The ^BE command produces the EAN13 bar code. The EAN-13 bar code has 12 data characters, one more data character than the UPC-A code.</LongDesc>
    <Usage>^BEo,h,f,g\r\no = orientation - Accepted Values: N = normal - R = rotated 90 degrees (clockwise) - I = inverted 180 degrees - B = read from bottom up, 270 degrees.\r\nh = bar code height (in dots) - Accepted Values: 1 to 32000.\r\nf = print interpretation line - Accepted Values: Y = yes - N = no.\r\ng = print interpretation line above code - Accepted Values: Y = yes - N = no.</Usage>
    <Command>^BE|o,h,f,g</Command>
  </ZPLCommand>
  <ZPLCommand>
    <Name>^BF</Name>
    <Category>Barcode</Category>
    <ShortDesc>MicroPDF417 Bar Code</ShortDesc>
    <LongDesc>The ^BF command creates a two-dimensional, multi-row, continuous, stacked symbology identical to PDF417, except it replaces the 17-module-wide start and stop patterns and left/right row indicators with a unique set of 10-module-wide row address patterns. These reduce overall symbol width and allow linear scanning at row heights as low as 2X.</LongDesc>
    <Usage>^BFo,h,m\r\no = orientation - Accepted Values: N = normal - R = rotated 90 degrees (clockwise) - I = inverted 180 degrees - B = read from bottom up, 270 degrees.\r\nh = bar code height (in dots) - Accepted Values: 1 to 9999.\r\nm = mode - Accepted Values: 0 to 33.</Usage>
    <Command>^BF|o,h,m</Command>
  </ZPLCommand>
  <ZPLCommand>
    <Name>^BI</Name>
    <Category>Barcode</Category>
    <ShortDesc>Industrial 2 of 5 Bar Code</ShortDesc>
    <LongDesc>The ^BI command is a discrete, self-checking, continuous numeric symbology. The Industrial 2 of 5 bar code has been in use the longest of the 2 of 5 family of bar codes. Of that family, the Standard 2 of 5 (^BJ) and Interleaved 2 of 5 (^B2) bar codes are also available in ZPL II.\r\nWith Industrial 2 of 5, all of the information is contained in the bars. Two bar widths are employed in this code, the wide bar measuring three times the width of the narrow bar.</LongDesc>
    <Usage>^BIo,h,f,g\r\no = orientation - Accepted Values: N = normal - R = rotated 90 degrees (clockwise) - I = inverted 180 degrees - B = read from bottom up, 270 degrees.\r\nh = bar code height (in dots) - Accepted Values: 1 to 32000.\r\nf = print interpretation line - Accepted Values: Y = yes - N = no.\r\ng = print interpretation line above code - Accepted Values: Y = yes - N = no.</Usage>
    <Command>^BI|o,h,f,g</Command>
  </ZPLCommand>
  <ZPLCommand>
    <Name>^BJ</Name>
    <Category>Barcode</Category>
    <ShortDesc>Standard 2 of 5 Bar Code</ShortDesc>
    <LongDesc>The ^BJ command is a discrete, self-checking, continuous numeric symbology.\r\nWith Standard 2 of 5, all of the information is contained in the bars. Two bar widths are employed in this code, the wide bar measuring three times the width of the narrow bar.</LongDesc>
    <Usage>^BJo,h,f,g\r\no = orientation - Accepted Values: N = normal - R = rotated 90 degrees (clockwise) - I = inverted 180 degrees - B = read from bottom up, 270 degrees.\r\nh = bar code height (in dots) - Accepted Values: 1 to 32000.\r\nf = print interpretation line - Accepted Values: Y = yes - N = no.\r\ng = print interpretation line above code - Accepted Values: Y = yes - N = no.</Usage>
    <Command>^BJ|o,h,f,g</Command>
  </ZPLCommand>
  <ZPLCommand>
    <Name>^BK</Name>
    <Category>Barcode</Category>
    <ShortDesc>ANSI Codabar Bar Code</ShortDesc>
    <LongDesc>The ANSI Codabar bar code is used in a variety of information processing applications such as libraries, the medical industry, and overnight package delivery companies. This bar code is also known as USD-4 code, NW-7, and 2 of 7 code. It was originally developed for retail price labeling.\r\nEach character in this code is composed of seven elements: four bars and three spaces. Codabar bar codes use two character sets, numeric and control (start and stop) characters.</LongDesc>
    <Usage>^BKo,e,h,f,g,k,l\r\no = orientation - Accepted Values: N = normal - R = rotated 90 degrees (clockwise) - I = inverted 180 degrees - B = read from bottom up, 270 degrees.\r\ne = check digit - Fixed value: N\r\nh = bar code height (in dots) - Accepted Values: 1 to 32000.\r\nf = print interpretation line - Accepted Values: Y = yes - N = no.\r\ng = print interpretation line above code - Accepted Values: Y = yes - N = no.\r\nk = designates a start character - Accepted Values: A, B, C, D.\r\nl = designates a stop character - Accepted Values: A, B, C, D.</Usage>
    <Command>^BK|o,e,h,f,g,k,l</Command>
  </ZPLCommand>
  <ZPLCommand>
    <Name>^BL</Name>
    <Category>Barcode</Category>
    <ShortDesc>LOGMARS Bar Code</ShortDesc>
    <LongDesc>The ^BL command is a special application of Code 39 used by the Department of Defense.\r\nLOGMARS is an acronym for Logistics Applications of Automated Marking and Reading Symbols.</LongDesc>
    <Usage>^BLo,h,g\r\no = orientation - Accepted Values: N = normal - R = rotated 90 degrees (clockwise) - I = inverted 180 degrees - B = read from bottom up, 270 degrees.\r\nh = bar code height (in dots) - Accepted Values: 1 to 32000.\r\ng = print interpretation line above code - Accepted Values: Y = yes - N = no.</Usage>
    <Command>^BL|o,h,g</Command>
  </ZPLCommand>
  <ZPLCommand>
    <Name>^BM</Name>
    <Category>Barcode</Category>
    <ShortDesc>MSI Bar Code</ShortDesc>
    <LongDesc>The ^BM command is a pulse-width modulated, continuous, non-self- checking symbology. It is a variant of the Plessey bar code (^BP).\r\nEach character in the MSI bar code is composed of eight elements: four bars and four adjacent spaces.</LongDesc>
    <Usage>^BMo,e,h,f,g,e2\r\no = orientation - Accepted Values: N = normal - R = rotated 90 degrees (clockwise) - I = inverted 180 degrees - B = read from bottom up, 270 degrees.\r\ne = Check digit selection - Accepted Values: A = no check digit - B = 1 Mod 10 - C = 2 Mod 10 - D = 1 Mod 11 and 1 Mod 10.\r\nh = bar code height (in dots) - Accepted Values: 1 to 32000.\r\nf = print interpretation line - Accepted Values: Y = yes - N = no.\r\ng = print interpretation line above code - Accepted Values: Y = yes - N = no.\r\ne2 = inserts check digit into the interpretation line - Accepted Values: Y = yes - N = no.</Usage>
    <Command>^BM|o,e,h,f,g,e2</Command>
  </ZPLCommand>
  <ZPLCommand>
    <Name>^BO</Name>
    <Category>Barcode</Category>
    <ShortDesc>Aztec Bar Code Parameters</ShortDesc>
    <LongDesc>The ^BO command creates a two-dimensional matrix symbology made up of square modules arranged around a bulls-eye pattern at the center.</LongDesc>
    <Usage>^BOa,b,c,d,e,f,g\r\no = orientation - Accepted Values: N = normal - R = rotated 90 degrees (clockwise) - I = inverted 180 degrees - B = read from bottom up, 270 degrees.\r\nb = magnification factor - Accepted Values: 1 on 150 dpi printers - 2 on on 200 dpi printers - 3 on 300 dpi printers - 6 on 600 dpi printers.\r\nc = extended channel interpretation code indicator - Accepted Values: Y = if data contains ECICs - N = if data does not contain ECICs.\r\nd = error control and symbol size/type indicator - Accepted Values: 0 = default error correction level - 01 to 99 = error correction percentage (minimum) - 01 to 104 = 1 to 4-layer compact symbol - 201 to 232 = 1 to 32-layer full-range symbol - 300 = a simple Aztec “Rune”.\r\ne = menu symbol indicator - Accepted Values: Y = if this symbol is to be a menu (bar code reader initialization) symbol - N = if it is not a menu symbol.\r\nf = number of symbols for structured append - Accepted Values: 1 through 26.</Usage>
    <Command>^BO|a,b,c,d,e,f,g</Command>
  </ZPLCommand>
  <ZPLCommand>
    <Name>^BP</Name>
    <Category>Barcode</Category>
    <ShortDesc>Plessey Bar Code</ShortDesc>
    <LongDesc>The ^BP command is a pulse-width modulated, continuous, non-self- checking symbology.\r\nEach character in the Plessey bar code is composed of eight elements: four bars and four adjacent spaces.</LongDesc>
    <Usage>^BPo,e,h,f,g\r\no = orientation - Accepted Values: N = normal - R = rotated 90 degrees (clockwise) - I = inverted 180 degrees - B = read from bottom up, 270 degrees.\r\ne = Check digit selection - Accepted Values: A = no check digit - B = 1 Mod 10 - C = 2 Mod 10 - D = 1 Mod 11 and 1 Mod 10.\r\nh = bar code height (in dots) - Accepted Values: 1 to 32000.\r\nf = print interpretation line - Accepted Values: Y = yes - N = no.\r\ng = print interpretation line above code - Accepted Values: Y = yes - N = no.</Usage>
    <Command>^BP|o,e,h,f,g</Command>
  </ZPLCommand>
  <ZPLCommand>
    <Name>^BQ</Name>
    <Category>Barcode</Category>
    <ShortDesc>QR Code Bar Code</ShortDesc>
    <LongDesc>The ^BQ command produces a matrix symbology consisting of an array of nominally square modules arranged in an overall square pattern. A unique pattern at three of the symbol’s four corners assists in determining bar code size, position, and inclination.\r\nA wide range of symbol sizes is possible, along with four levels of error correction. Userspecified module dimensions provide a wide variety of symbol production techniques.</LongDesc>
    <Usage>^BQa,b,c,d,e\r\na = field orientation - Accepted Values: normal.\r\nb = model - Accepted Values: 1 = original - 2 = enhanced (recommended).\r\nc = magnification factor - Accepted Values: 1 on 150 dpi printers - 2 on on 200 dpi printers - 3 on 300 dpi printers - 6 on 600 dpi printers.\r\nd = error correction - Accepted Values: H = ultra-high reliability level - Q = high reliability level - M = standard level - L = high density level.\r\ne = mask value - Accepted Values: 0 - 7.</Usage>
    <Command>^BQ|a,b,c,d,e</Command>
  </ZPLCommand>
  <ZPLCommand>
    <Name>^BR</Name>
    <Category>Barcode</Category>
    <ShortDesc>GS1 Databar</ShortDesc>
    <LongDesc>The ^BR command is bar code types for space-constrained identification from EAN International and the Uniform Code Council, Inc.</LongDesc>
    <Usage>^BRa,b,c,d,e,f\r\na = = orientation - Accepted Values: N = normal - R = rotated 90 degrees (clockwise) - I = inverted 180 degrees - B = read from bottom up, 270 degrees.\r\nb = symbology type in the GS1 DataBar family - Accepted Values: 1 = GS1 DataBar Omnidirectional - 2 = GS1 DataBar Truncated - 3 = GS1 DataBar Stacked - 4 = GS1 DataBar Stacked Omnidirectional -  5 = GS1 DataBar Limited - 6 = GS1 DataBar Expanded -  7 = UPC-A - 8 = UPC-E -  9 = EAN-13 - 10 = EAN-8 - 11 = UCC/EAN-128 and CC-A/B - 12 = UCC/EAN-128 and CC-C.\r\nc = magnification factor - Accepted Values: 1 to 10 -\r\nd = separator height - Accepted Values: 1 or 2.\r\ne = bar code height (in dots) - Accepted Values: 1 to 32000.\r\nf = the segment width (GS1 DataBar Expanded only) - Accepted Values: 2 to 22, even numbers only.</Usage>
    <Command>^BR|a,b,c,d,e,f</Command>
  </ZPLCommand>
  <ZPLCommand>
    <Name>^BS</Name>
    <Category>Barcode</Category>
    <ShortDesc>UPC/EAN Extensions</ShortDesc>
    <LongDesc>The ^BS command is the two-digit and five-digit add-on used primarily by publishers to create bar codes for ISBNs (International Standard Book Numbers). These extensions are handled as separate bar codes.\r\nThe ^BS command is designed to be used with the UPC-A bar code (^BU) and the UPC-E bar code (^B9).</LongDesc>
    <Usage>^BSo,h,f,g\r\no = orientation - Accepted Values: N = normal - R = rotated 90 degrees (clockwise) - I = inverted 180 degrees - B = read from bottom up, 270 degrees.\r\nh = bar code height (in dots) - Accepted Values: 1 to 32000.\r\nf = print interpretation line - Accepted Values: Y = yes - N = no.\r\ng = print interpretation line above code - Accepted Values: Y = yes - N = no.</Usage>
    <Command>^BS|o,h,f,g</Command>
  </ZPLCommand>
  <ZPLCommand>
    <Name>^BT</Name>
    <Category>Barcode</Category>
    <ShortDesc>TLC39 Bar Code</ShortDesc>
    <LongDesc>The ^BT bar code is the standard for the TCIF can tag telecommunications equipment.\r\nThe TCIF CLEI code, which is the MicroPDF417 bar code, is always four columns. The firmware must determine what mode to use based on the number of characters to be encoded.</LongDesc>
    <Usage>^BTo,w1,r1,h1,w2,h2\r\no = orientation - Accepted Values: N = normal - R = rotated 90 degrees (clockwise) - I = inverted 180 degrees - B = read from bottom up, 270 degrees.\r\nw1 = width of the Code 39 bar code - Accepted Value: 1 to 10.\r\nr1 = wide to narrow bar width ratio the Code 39 bar code - Accepted Value: 2.0 to 3.0 (increments of 0.1).\r\nh1 = height of the Code 39 bar code - Accepted Values: 1 to 9999.\r\nh2 = row height of the MicroPDF417 bar code - Accepted Values: 1 to 255.\r\nw2 = narrow bar width of the MicroPDF417 bar code - Accepted Values: 1 to 10.</Usage>
    <Command>^BT|o,w1,r1,h1,w2,h2</Command>
  </ZPLCommand>
  <ZPLCommand>
    <Name>^BU</Name>
    <Category>Barcode</Category>
    <ShortDesc>UPC-A Bar Code</ShortDesc>
    <LongDesc>The ^BU command produces the UPC-A bar code, a fixed length, numeric symbology.</LongDesc>
    <Usage>^BUo,h,f,g,e\r\no = orientation - Accepted Values: N = normal - R = rotated 90 degrees (clockwise) - I = inverted 180 degrees - B = read from bottom up, 270 degrees.\r\nh = bar code height (in dots) - Accepted Values: 1 to 32000.\r\nf = print interpretation line - Accepted Values: Y = yes - N = no.\r\ng = print interpretation line above code - Accepted Values: Y = yes - N = no.\r\ne = print check digit - Accepted Values: Y = yes - N = no.</Usage>
    <Command>^BU|o,h,f,g,e</Command>
  </ZPLCommand>
  <ZPLCommand>
    <Name>^BX</Name>
    <Category>Barcode</Category>
    <ShortDesc>Data Matrix Bar Code</ShortDesc>
    <LongDesc>The ^BX command creates a two-dimensional matrix symbology made up of square modules arranged within a perimeter finder pattern.</LongDesc>
    <Usage>^BXo,h,s,c,r,f,g,a\r\no = orientation - Accepted Values: N = normal - R = rotated 90 degrees (clockwise) - I = inverted 180 degrees - B = read from bottom up, 270 degrees.\r\nh = dimensional height of individual symbol elements - Accepted Values: 1 to the width of the label.\r\ns = quality level - Accepted Values: 0, 50, 80, 100, 140, 200.\r\nc = columns to encode - Accepted Values: 9 to 49.\r\nr = rows to encode - Accepted Values: 9 to 49.\r\nf = format ID (0 to 6) not used with quality set at 200 - Accepted Values: 1 = field data is numeric + space (0..9,\’’) – No \’’ - 2 = field data is uppercase alphanumeric + space (A..Z,’’) – No \’’ - 3 = field data is uppercase alphanumeric + space, period, comma, dash and slash (0..9,A..Z,“.-/”) - 4 = field data is upper-case alphanumeric + space (0..9,A..Z,’’) – no \’’ - 5 = field data is full 128 ASCII 7-bit set - 6 = field data is full 256 ISO 8-bit set.\r\ng = escape sequence control character - Accepted Values: any character\r\na = aspect ratio  - Accepted Values: 1 = square - 2 = rectangular.</Usage>
    <Command>^BX|o,h,s,c,r,f,g,a</Command>
  </ZPLCommand>  
  <ZPLCommand>
    <Name>^BY</Name>
    <Category>Barcode</Category>
    <ShortDesc>Bar Code Field Default</ShortDesc>
    <LongDesc>The ^BY command is used to change the default values for the module width (in dots), the wide bar to narrow bar width ratio and the bar code height (in dots).\r\nIt can be used as often as necessary within a label format.</LongDesc>
    <Usage>^BYw,r,h\r\nw = module width (in dots) - Accepted Values: 1 to 10.\r\nr = wide bar to narrow bar width ratio - Accepted Values: 2.0 to 3.0, in 0.1 increments.\r\nh = bar code heights (in dots) - Initial Value at power-up: 10</Usage>
    <Command>^BY|w,r,h</Command>
  </ZPLCommand>
  <ZPLCommand>
    <Name>^BZ</Name>
    <Category>Barcode</Category>
    <ShortDesc>POSTAL Bar Code</ShortDesc>
    <LongDesc>The POSTAL bar code is used to automate the handling of mail. POSTAL codes use a series of tall and short bars to represent the digits.</LongDesc>
    <Usage>^BZo,h,f,g,t\r\no = orientation - Accepted Values: N = normal - R = rotated 90 degrees (clockwise) - I = inverted 180 degrees - B = read from bottom up, 270 degrees.\r\nh = bar code height (in dots) - Accepted Values: 1 to 32000.\r\nf = print interpretation line - Accepted Values: Y = yes - N = no.\r\ng = print interpretation line above code - Accepted Values: Y = yes - N = no.\r\nt = Postal code type  - Accepted Values: 0 = Postnet bar code - 1 = Plant Bar Code - 2 = Reserved - 3 = USPS Intelligent Mail bar code.</Usage>
    <Command>^BZ|o,h,f,g,t</Command>
  </ZPLCommand>
  <ZPLCommand>
    <Name>^CI</Name>
    <Category>Encoding</Category>
    <ShortDesc>Change International Font/Encoding </ShortDesc>
    <LongDesc>Zebra printers can print fonts using international character sets: U.S.A.1, U.S.A.2, UK, Holland,Denmark/Norway, Sweden/Finland, Germany, France 1, France 2, Italy, Spain, and severalother sets, including the Unicode character set.\r\nThe ^CI command enables you to call up the international character set you want to use forprinting. You can mix character sets on a label.\r\nA character within a font can be remapped to a different numerical position.</LongDesc>
    <Usage>^CIa,s1,d1,s2,d2,...\r\na = desired character set - Accepted Values: 0 to 36.</Usage>
    <Command>^CI|a</Command>
  </ZPLCommand>
  <ZPLCommand>
    <Name>^FB</Name>
    <Category>Field</Category>
    <ShortDesc>Field Block</ShortDesc>
    <LongDesc>The ^FB command allows you to print text into a defined block type format.\r\nThis command formats an ^FD or ^SN string into a block of text using the origin, font, androtation specified for the text string. The ^FB command also contains an automatic word-wrap function.</LongDesc>
    <Usage>^FBa,b,c,d,e\r\na = width of text block line (in dots) - Accepted Values: 0 to the width of the label.\r\nb = maximum number of lines in text block - Accepted Values: 1 to 9999.\r\nc = add or delete space between lines (in dots) - Accepted Values: -9999 to 9999\r\nd = text justification - Accepted Values: L = left - C = center - R = right - J = justified\r\ne = hanging indent (in dots) of the second and remaining lines - Accepted Values: 0 to 9999</Usage>
    <Command>^FB|a,b,c,d,e</Command>
  </ZPLCommand>
  <ZPLCommand>
    <Name>^FD</Name>
    <Category>Field</Category>
    <ShortDesc>Field Data</ShortDesc>
    <LongDesc>The ^FD command defines the data string for the field.\r\nThe field data can be any printable character except those used as command prefixes (^ and ~).</LongDesc>
    <Usage>^FDa\r\na = data to be printed - Accepted Values: any data string up to 3072 bytes</Usage>
    <Command>^FD|a</Command>
  </ZPLCommand>
  <ZPLCommand>
    <Name>^FH</Name>
    <Category>Field</Category>
    <ShortDesc>Field Hexadecimal Indicator</ShortDesc>
    <LongDesc>The ^FH command allows you to enter the hexadecimal value for any character directly into the ^FD statement.\r\nThe ^FH command must precede each ^FD command that uses hexadecimals in its field.\r\nWithin the ^FD statement, the hexadecimal indicator must precede each hexadecimal value. The default hexadecimal indicator is _ (underscore).\r\nThere must be a minimum of two characters designated to follow the underscore. The a parameter can be added when a different hexadecimal indicator is needed.</LongDesc>
    <Usage>^FHa\r\na = hexadecimal indicator - Accepted Values: any character except current format and control prefix (^ and ~ by default).</Usage>
    <Command>^FH|a</Command>
  </ZPLCommand>
  <ZPLCommand>
    <Name>^FO</Name>
    <Category>Field</Category>
    <ShortDesc>Field Origin</ShortDesc>
    <LongDesc>The ^FO command sets a field origin, relative to the label home (^LH) position.\r\n^FO sets the upper-left corner of the field area by defining points along the x-axis and y-axis independent of the rotation.</LongDesc>
    <Usage>^FOx,y\r\nx = x-axis location (in dots) - Accepted Values: 0 to 32000.\r\ny = y-axis location (in dots) - Accepted Values: 0 to 32000.</Usage>
    <Command>^FO|x,y</Command>
  </ZPLCommand>
  <ZPLCommand>
    <Name>^FS</Name>
    <Category>Field</Category>
    <ShortDesc>Field Separator</ShortDesc>
    <LongDesc>The ^FS command denotes the end of the field definition.\r\nAlternatively, ^FS command can also be issued as a single ASCII control code SI (Control-O, hexadecimal 0F).</LongDesc>
    <Usage>^FS</Usage>
    <Command>^FS</Command>
  </ZPLCommand>
  <ZPLCommand>
    <Name>^FC</Name>
    <Category>Field</Category>
    <ShortDesc>Field Clock</ShortDesc>
    <LongDesc>The ^FC command is used to set the clock-indicators (delimiters) and the clock mode for use with the Real-Time Clock hardware.\r\nThis command must be included  within each label field command string each time the Real-Time Clock values are required within the field.</LongDesc>
    <Usage>^FCa,b,c\r\na = primary clock indicator character - Accepted Values: any ASCII character.\r\nb = secondary clock indicator character - Accepted Values: any ASCII character.\r\nc = third clock indicator character - Accepted Values: any ASCII character.\r\n</Usage>
    <Command>^FC|a,b,c</Command>
  </ZPLCommand>
  <ZPLCommand>
    <Name>^FM</Name>
    <Category>Field</Category>
    <ShortDesc>Multiple Field Origin Locations</ShortDesc>
    <LongDesc>The ^FM command allows you to control the placement of bar code symbols.\r\nIt designates field locations for the PDF417 (^B7) and MicroPDF417 (^BF) bar codes when the structured append capabilities are used. This allows printing multiple bar codes from the same set of text information.\r\nThe structured append capability is a way of extending the text printing capacity of both bar codes. If a string extends beyond what the data limitations of the bar code are, it can be printed as a series: 1 of 3, 2 of 3, 3 of 3. Scanners read the information and reconcile it into the original, unsegmented text.\r\nThe ^FM command triggers multiple bar code printing on the same label with ^B7 and ^BF only. When used with any other commands, it is ignored.</LongDesc>
    <Usage>^FMx1,y1,x2,y2,...\r\nx1 = x-axis location of first symbol (in dots) - Accepted Values: 0 to 32000, e = exclude this bar code from printing\r\ny1 = y-axis location of first symbol (in dots) - Accepted Values: 0 to 32000, e = exclude this bar code from printing\r\nx2 = x-axis location of second symbol (in dots) - Accepted Values: 0 to 32000, e = exclude this bar code from printing\r\ny2 = y-axis location of second symbol (in dots) - Accepted Values: 0 to 32000, e = exclude this bar code from printing</Usage>
    <Command>^FM|x1,y1,x2,y2</Command>
  </ZPLCommand>
  <ZPLCommand>
    <Name>^FN</Name>
    <Category>Field</Category>
    <ShortDesc>Field Number</ShortDesc>
    <LongDesc>The ^FN command numbers the data fields.\r\nThis command is used in both ^DF (Store Format) and ^XF (Recall Format) commands.\r\nIn a stored format, use the ^FN command where you would normally use the ^FD (Field Data) command. In recalling the stored format, use ^FN in conjunction with the ^FD command.\r\nThe optional "a" parameter can be used with the KDU Plus to cause prompts to be displayed on the KDU unit. Also, when the Print on Label link is selected on the Directory page of ZebraLink enabled printers the field prompt displays.\r\nThe number of fields and data that can be stored is dependent in the available printer memory.</LongDesc>
    <Usage>^FN#"a"\r\n# = number to be assigned to the field - Accepted Values: 0 to 9999.\r\n"a" = optional parameter - Accepted Values: 255 alphanumeric characters maximum (a-z,A-Z,1-9 and space)</Usage>
    <Command>^FN|#"a"</Command>
  </ZPLCommand>
  <ZPLCommand>
    <Name>^FP</Name>
    <Category>Field</Category>
    <ShortDesc>Field Parameter</ShortDesc>
    <LongDesc>The ^FP command allows vertical and reverse formatting of the font field, commonly used for printing Asian fonts.</LongDesc>
    <Usage>^FPd,g\r\nd = direction - Accepted Values: H = horizontal printing (left to right) - V = vertical printing (top to bottom) - R = reverse printing (right to left).\r\ng = additional inter-character gap (in dots) - Accepted Values: 0 to 9999.</Usage>
    <Command>^FP|d,g</Command>
  </ZPLCommand>
  <ZPLCommand>
    <Name>^FR</Name>
    <Category>Field</Category>
    <ShortDesc>Field Reverse Print</ShortDesc>
    <LongDesc>The ^FR command allows a field to appear as white over black or black over white. When printing a field and the ^FR command has been used, the color of the output is the reverse of its background.</LongDesc>
    <Usage>^FR.</Usage>
    <Command>^FR|</Command>
  </ZPLCommand>  
  <ZPLCommand>
    <Name>^FT</Name>
    <Category>Field</Category>
    <ShortDesc>Field Typeset</ShortDesc>
    <LongDesc>The ^FT command sets the field position, relative to the home position of the label designated by the ^LH command. The typesetting origin of the field is fixed with respect to the contents of the field and does not change with rotation.\r\nThe ^FT command is capable of concantination of fields.</LongDesc>
    <Usage>^FTx,y,z\r\nx = x-axis location (in dots) - Accepted Values: 0 to 32000\r\ny = y-axis location (in dots) - Accepted Values: 0 to 32000\r\nz = justification - Accepted Values: 0 = left justification - 1 = right justification - 2 = auto justification (script dependent).</Usage>
    <Command>^FT|x,y,z</Command>
  </ZPLCommand>
  <ZPLCommand>
    <Name>^FV</Name>
    <Category>Field</Category>
    <ShortDesc>Field Variable</ShortDesc>
    <LongDesc>FV replaces the ^FD (field data) command in a label format when the field is variable.</LongDesc>
    <Usage>^FVa\r\na = variable field data to be printed - Accepted Values: 0 to 3072 byte string</Usage>
    <Command>^FV|a</Command>
  </ZPLCommand>
  <ZPLCommand>
    <Name>^FW</Name>
    <Category>Field</Category>
    <ShortDesc>Field Orientation</ShortDesc>
    <LongDesc>The ^FW command sets the default orientation for all command fields that have an orientation (rotation) parameter and sets the default justification for all commands with a justification parameter. Fields can be rotated 0, 90, 180, or 270 degrees clockwise by using this command. Justification can be left, right, or auto.\r\nThe ^FW command affects only fields that follow it. Once you have issued a ^FW command, the setting is retained until you turn off the printer or send a new ^FW command to the printer.</LongDesc>
    <Usage>^FWr,z\r\nr = rotate field - Accepted Values: N = normal - R = rotated 90 degrees - I = inverted 180 degrees - B = bottom-up 270 degrees, read from bottom up\r\nz = justification - Accepted Values: 0 = left justification - 1 = right justification - 2 = auto justification (script dependent)</Usage>
    <Command>^FW|r,z</Command>
  </ZPLCommand>
  <ZPLCommand>
    <Name>^FX</Name>
    <Category>Field</Category>
    <ShortDesc>Comment</ShortDesc>
    <LongDesc>The ^FX command is useful when you want to add non-printing informational comments or statements within a label format. Any data after the ^FX command up to the next caret (^) or tilde (~) command does not have any effect on the label format. Therefore, you should avoid using the caret (^) or tilde (~) commands within the ^FX statement.</LongDesc>
    <Usage>^FXc\r\nc = non printing comment.</Usage>
    <Command>^FX|c</Command>
  </ZPLCommand>
  <ZPLCommand>
    <Name>^TB</Name>
    <Category>Field</Category>
    <ShortDesc>Text Blocks</ShortDesc>
    <LongDesc>The ^TB command prints a text block with defined width and height.\r\nThe text block has an automatic word-wrap function. If the text exceeds the block height, the text is truncated. This command supports complex text layout features.\r\n^TB is the preferred command for printing fields or blocks of text, instead of ^FB.</LongDesc>
    <Usage>^TBa,b,c\r\na = block rotation - Accepted Values: N = normal - R = rotate 90 degrees clockwise - I = invert 180 degrees - B = read from bottom up-270 degrees\r\nb = block width in dots - Accepted Values: 1 to the width of the label in dots\r\nc = block height in dots - Accepted Values: 1 to the length of the label in dots</Usage>
    <Command>^TB|a,b,c</Command>
  </ZPLCommand>
  <ZPLCommand>
    <Name>^GB</Name>
    <Category>Graphics</Category>
    <ShortDesc>Graphic Box</ShortDesc>
    <LongDesc>The ^GB command is used to draw boxes and lines as part of a label format.\r\nBoxes and lines are used to highlight important information, divide labels into distinct areas, or to improve the appearance of a label. The same format command is used for drawing either boxes or lines.</LongDesc>
    <Usage>w = box width (in dots) - Accepted Values: value of t to 32000.\r\nh = box height (in dots) - Accepted Values: value of t to 32000.\r\nt = border thickness (in dots) - Accepted Values: value of t to 32000.\r\nc = line color - Accepted Values: B = black - W = white\r\nr = degree of corner rounding - Accepted Values: 0 (no rounding) to 8 (heaviest rounding)</Usage>
    <Command>^GB|w,h,t,c,r</Command>
  </ZPLCommand>
  <ZPLCommand>
    <Name>^GC</Name>
    <Category>Graphics</Category>
    <ShortDesc>Graphic Circle</ShortDesc>
    <LongDesc>The ^GC command produces a circle on the printed label.\r\nThe command parameters specify the diameter (width) of the circle, outline thickness, and color.\r\nThickness extends inward from the outline.</LongDesc>
    <Usage>^GCd,t,c\r\nd = circle diameter (in dots). - Accepted Values: 3 to 4095 (larger values are replaced with 4095)\r\nt = border thickness (in dots) - Accepted Values: 2 to 4095.\r\nc = line color - Accepted Values: B = black - W = white</Usage>
    <Command>^GC|d,t,c</Command>
  </ZPLCommand>
  <ZPLCommand>
    <Name>^GD</Name>
    <Category>Graphics</Category>
    <ShortDesc>Graphic Diagonal Line</ShortDesc>
    <LongDesc>The ^GD command produces a straight diagonal line on a label. This can be used in conjunction with other graphic commands to create a more complex figure.</LongDesc>
    <Usage>^GDw,h,t,c,o\r\nw = box width (in dots) - Accepted Values: 3 to 32000\r\nh = box height (in dots) - Accepted Values: 3 to 32000\r\nt = border thickness (in dots) - Accepted Values: 1 to 32000\r\nc = line color - Accepted Values: B = black - W = white\r\norientation (direction of the diagonal) - Accepted Values: R (or /) = right-leaning diagonal L (or \) = left-leaning diagonal</Usage>
    <Command>^GD|w,h,t,c,o</Command>
  </ZPLCommand>
  <ZPLCommand>
    <Name>^GE</Name>
    <Category>Graphics</Category>
    <ShortDesc>Graphic Ellipse</ShortDesc>
    <LongDesc>The ^GE command produces an ellipse in the label format.</LongDesc>
    <Usage>^GEw,h,t,c\r\nw = ellipse width (in dots) - Accepted Values: 3 to 4095 (larger values are replaced with 4095)\r\nh = ellipse heigh (in dots) - Accepted Values: 3 to 4095\r\nt = border thickness (in dots) - Accepted Values: 2 to 4095\r\nc = line color - Accepted Values: B = black - W = white</Usage>
    <Command>^GE|w,h,t,c</Command>
  </ZPLCommand>
  <ZPLCommand>
    <Name>^GF</Name>
    <Category>Graphics</Category>
    <ShortDesc>Graphic Field</ShortDesc>
    <LongDesc>The ^GF command allows you to download graphic field data directly into the printer's bitmap storage area. This command follows the conventions for any other field, meaning a field orientation is included. The graphic field data can be placed at any location within the bitmap space.</LongDesc>
    <Usage>^GFa,b,c,d,data\r\na = compression type - Accepted Values: A = ASCII hexadecimal (follows the format for other download commands) - B = binary (data sent after the c parameter is strictly binary) - C = compressed binary (data sent after the c parameter is in compressed binary format. The data is compressed on the host side using Zebra's compression algorithm. The data is then decompressed and placed directly into the bitmap.)\r\nb = binary byte count - Accepted Values: 1 to 99999\r\nc = graphic field count - Accepted Values: 1 to 99999\r\nd = bytes per row - Accepted Values: 1 to 99999\r\ndata = data - Accepted Values: ASCII hexadecimal data: 00 to FF</Usage>
    <Command>^GF|a,b,c,d,data</Command>
  </ZPLCommand>
  <ZPLCommand>
    <Name>^GS</Name>
    <Category>Graphics</Category>
    <ShortDesc>Graphic Symbol</ShortDesc>
    <LongDesc>The ^GS command enables you to generate the registered trademark, copyright symbol, and other symbols.</LongDesc>
    <Usage>^GSo,h,w\r\no = field orientation - Accepted Values: N = normal - R = rotate 90 degrees clockwise - I = inverted 180 degrees - B = bottom-up, 270 degrees\r\nh = character height proportional to width (in dots) - Accepted Values: 0 to 3200\r\nw = character width proportional to height (in dots) - Accepted Values: 0 to 32000</Usage>
    <Command>^GS|o,h,w</Command>
  </ZPLCommand>
  <ZPLCommand>
    <Name>^LH</Name>
    <Category>Label</Category>
    <ShortDesc>Label Home</ShortDesc>
    <LongDesc>The ^LH command sets the label home position.\r\nThe default home position of a label is the upper-left corner (position 0,0 along the x and y axis). This is the axis reference point for labels. Any area below and to the right of this point is available for printing. The ^LH command changes this reference point. For instance, when working with preprinted labels, use this command to move the reference point below the preprinted area.\r\nThis command affects only fields that come after it. It is recommended to use ^LH as one of the first commands in the label format.</LongDesc>
    <Usage>^LHx,y\r\nx = x-axis position (in dots) - Accepted Values: 0 to 32000\r\ny = y-axis position (in dots) - Accepted Values: 0 to 32000</Usage>
    <Command>^LH|x,y</Command>
  </ZPLCommand>
  <ZPLCommand>
    <Name>^LL</Name>
    <Category>Label</Category>
    <ShortDesc>Label Length</ShortDesc>
    <LongDesc>The ^LL command defines the length of the label. This command is necessary when using continuous media (media not divided into separate labels by gaps, spaces, notches, slots, or holes).\r\nTo affect the current label and be compatible with existing printers, ^LL must come before the first ^FS (Field Separator) command. Once you have issued ^LL, the etting is retained until you turn off the printer or send a new ^LL command.</LongDesc>
    <Usage>^LLy\r\ny = y-axis position (in dots) - Accepted Values: 1 to 32000, not to exceed the maximum label size.</Usage>
    <Command>^LL|y</Command>
  </ZPLCommand>
  <ZPLCommand>
    <Name>^LR</Name>
    <Category>Label</Category>
    <ShortDesc>Label Reverse Print</ShortDesc>
    <LongDesc>The ^LR command reverses the printing of all fields in the label format. It allows a field to appear as white over black or black over white.\r\nUsing the ^LR is identical to placing an ^FR command in all current and subsequent fields.</LongDesc>
    <Usage>^LRa\r\na = reverse print all fields - Accepted Values: N = no - Y = yes</Usage>
    <Command>^LR|a</Command>
  </ZPLCommand>
  <ZPLCommand>
    <Name>^LS</Name>
    <Category>Label</Category>
    <ShortDesc>Label Shift</ShortDesc>
    <LongDesc>The ^LS command allows for compatibility with Z-130 printer formats that are set for less than full label width. It is used to shift all field positions to the left so the same commands used on a Z-130 or Z-220 Printer can be used on other Zebra printers.\r\nTo determine the value for the ^LS command, use this formula:\r\nZ-130 and Z-220 values for ^LHx + ^FOx\r\n(distance from edge of label) = printer value for ^LSa</LongDesc>
    <Usage>^LSa\r\na = shift left value (in dots) - Accepted Values: -9999 to 9999</Usage>
    <Command>^LS|a</Command>
  </ZPLCommand>
  <ZPLCommand>
    <Name>^LT</Name>
    <Category>Label</Category>
    <ShortDesc>Label Top</ShortDesc>
    <LongDesc>The ^LT command moves the entire label format a maximum of 120 dot rows up or down from its current position, in relation to the top edge of the label. A negative value moves the format towards the top of the label; a positive value moves the format away from the top of the label.\r\nThis command can be used to fine-tune the position of the finished label without having to change any of the existing parameters.</LongDesc>
    <Usage>^LTx\r\nx = label top (in dot rows) - Accepted Values: -120 to 120 - 0 to 120 (on the HC100)</Usage>
    <Command>^LT|x</Command>
  </ZPLCommand>
  <ZPLCommand>
    <Name>^PF</Name>
    <Category>Printing</Category>
    <ShortDesc>Slew Given Number of Dot Rows</ShortDesc>
    <LongDesc>The ^PF command causes the printer to slew labels (move labels at a high speed without printing) a specified number of dot rows from the bottom of the label.\r\nThis allows faster printing when the bottom portion of a label is blank.</LongDesc>
    <Usage>^PF#\r\n# = number of dots rows to slew - Accepted Values: 0 to 32000</Usage>
    <Command>^PF|#</Command>
  </ZPLCommand>
  <ZPLCommand>
    <Name>^PH</Name>
    <Category>Printing</Category>
    <ShortDesc>Slew to Home Position</ShortDesc>
    <LongDesc>The ^PH command causes the printer to feed one blank label.\r\nThe ^PH command feeds one blank label after the current format prints.</LongDesc>
    <Usage>^PH</Usage>
    <Command>^PH|</Command>
  </ZPLCommand>
  <ZPLCommand>
    <Name>~PH</Name>
    <Category>Printing</Category>
    <ShortDesc>Slew to Home Position</ShortDesc>
    <LongDesc>The ~PH command causes the printer to feed one blank label.\r\nThe ~PH command feeds one label after the format currently being printed is done or when the printer is placed in pause.</LongDesc>
    <Usage>~PH</Usage>
    <Command>~PH|</Command>
  </ZPLCommand>
  <ZPLCommand>
    <Name>^PM</Name>
    <Category>Printing</Category>
    <ShortDesc>Printing Mirror Image of Label</ShortDesc>
    <LongDesc>The ^PM command prints the entire printable area of the label as a mirror image. This command flips the image from left to right.</LongDesc>
    <Usage>^PMa\r\na = print mirror image of entire label - Accepted Values: N = no - Y = yes</Usage>
    <Command>^PM|a</Command>
  </ZPLCommand>
  <ZPLCommand>
    <Name>^PO</Name>
    <Category>Printing</Category>
    <ShortDesc>Print Orientation</ShortDesc>
    <LongDesc>The ^PO command inverts the label format 180 degrees. The label appears to be printed upside down. If the original label contains commands such as ^LL, ^LS, ^LT and ^PF, the inverted label output is affected differently.</LongDesc>
    <Usage>^POa\r\na = invert label 180 degrees - Accepted Values: N = normal - I = invert</Usage>
    <Command>^PO|a</Command>
  </ZPLCommand>
  <ZPLCommand>
    <Name>^PP</Name>
    <Category>Printing</Category>
    <ShortDesc>Programmable Pause</ShortDesc>
    <LongDesc>The ^PP command is not immediate. Therefore, several labels might print before a pause is performed. This command pauses the printer after the current format prints.\r\nThe operation is identical to pressing PAUSE on the control panel of the printer. The printer remains paused until PAUSE is pressed or a ~PS (Print Start) command is sent to the printer.</LongDesc>
    <Usage>^PP</Usage>
    <Command>^PP|</Command>
  </ZPLCommand>
  <ZPLCommand>
    <Name>~PP</Name>
    <Category>Printing</Category>
    <ShortDesc>Programmable Pause</ShortDesc>
    <LongDesc>The ~PP command stops printing after the current label is complete (if one is printing) and places the printer in Pause Mode.\r\nThe printer remains paused until PAUSE is pressed or a ~PS (Print Start) command is sent to the printer.</LongDesc>
    <Usage>~PP</Usage>
    <Command>~PP|</Command>
  </ZPLCommand>
  <ZPLCommand>
    <Name>^PQ</Name>
    <Category>Printing</Category>
    <ShortDesc>Print Quantity</ShortDesc>
    <LongDesc>The ^PQ command gives control over several printing operations.\r\nIt controls the number of labels to print, the number of labels printed before printer pauses, and the number of replications of each serial number.</LongDesc>
    <Usage>^PQq,p,r,o\r\nq = total quantity of labels to print - Accepted Value: 1 to 99,999,999.\r\np = pause and cut value (labels between pauses) - Accepted Value: 1 to 99,999,999.\r\nr = replicates of each serial number - Accepted Value: 0 to 99,999,999 replicates.\r\no = override pause count - Accepted Values: N = no - Y = yes</Usage>
    <Command>^PQ|q,p,r,o</Command>
  </ZPLCommand>
  <ZPLCommand>
    <Name>^PR</Name>
    <Category>Printing</Category>
    <ShortDesc>Print Rate</ShortDesc>
    <LongDesc>The ^PR command determines the media and slew speed (feeding a blank label) during printing.\r\nThe printer operates with the selected speeds until the setting is reissued or the printer is turned off.\r\nThe print speed is application-specific. Because print quality is affected by media, ribbon, printing speeds, and printer operating modes, it is very important to run tests for your applications.</LongDesc>
    <Usage>^PRp,s,b\r\np = print speed - Accepted Values: A or 2 = 50.8 mm/sec. (2 inches/sec.) - B or 3 = 76.2 mm/sec. (3 inches/sec.) - C or 4 = 101.6 mm/sec. (4 inches/sec.) - 5 = 127 mm/sec.(5 inches/sec.) - D or 6 = 152.4 mm/sec. (6 inches/sec.) - E or 8 = 203.2 mm/sec. (8 inches/sec.) - 9 = 220.5 mm/sec. 9 inches/sec.) - 10 = 245 mm/sec.(10 inches/sec.) - 11 = 269.5 mm/sec.(11 inches/sec.) - 12 = 304.8 mm/sec. 12 inches/sec.)\r\ns = slew speed - Accepted Values: A or 2 = 50.8 mm/sec. (2 inches/sec.) - B or 3 = 76.2 mm/sec. (3 inches/sec.) - C or 4 = 101.6 mm/sec. (4 inches/sec.) - 5 = 127 mm/sec. 5 inches/sec.) - D or 6 = 152.4 mm/sec. (6 inches/sec.) - E or 8 = 203.2 mm/sec. (8 inches/sec.) - 9 = 220.5 mm/sec. (9 inches/sec.) - 10 = 245 mm/sec. (10 inches/sec.) - 11 = 269.5 mm/sec. 11 inches/sec.) - 12 = 304.8 mm/sec. 12 inches/sec.)\r\nb = backfeed speed - Accepted Values: A or 2 = 50.8 mm/sec. (2 inches/sec.) - B or 3 = 76.2 mm/sec. (3 inches/sec.) - C or 4 = 101.6 mm/sec. (4 inches/sec.) - 5 = 127 mm/sec.(5 inches/sec.) - D or 6 = 152.4 mm/sec. (6 inches/sec.) - E or 8 = 203.2 mm/sec. (8 inches/sec.) - 9 = 220.5 mm/sec. 9 inches/sec.) - 10 = 245 mm/sec. 10 inches/sec.) - 11 = 269.5 mm/sec. 11 inches/sec.) - 12 = 304.8 mm/sec. 12 inches/sec.)</Usage>
    <Command>^PR|p,s,b</Command>
  </ZPLCommand>
  <ZPLCommand>
    <Name>~PR</Name>
    <Category>Printing</Category>
    <ShortDesc>Applicator Reprint</ShortDesc>
    <LongDesc>The ~PR command is supported only by the PAX and PAX2 series printers.\r\nIf the ~PR command is enabled (see ^JJ on page 255), the last label printed reprints, similar to the applicator asserting the Reprint signal on the applicator port.</LongDesc>
    <Usage>~PR</Usage>
    <Command>~PR|</Command>
  </ZPLCommand>
  <ZPLCommand>
    <Name>^PS</Name>
    <Category>Printing</Category>
    <ShortDesc>Print Start</ShortDesc>
    <LongDesc>The ~PS command causes a printer in Pause Mode to resume printing. The operation is identical to pressing PAUSE on the control panel of the printer when the printer is already in Pause Mode.</LongDesc>
    <Usage>^PS</Usage>
    <Command>^PS|</Command>
  </ZPLCommand>
  <ZPLCommand>
    <Name>^PW</Name>
    <Category>Printing</Category>
    <ShortDesc>Print Width</ShortDesc>
    <LongDesc>The ^PW command allows you to set the print width.</LongDesc>
    <Usage>^PWa\r\na = label width (in dots) - Accepted Values: 2, to the width of the label</Usage>
    <Command>^PW|a</Command>
  </ZPLCommand>
  <ZPLCommand>
    <Name>^XA</Name>
    <Category>Others</Category>
    <ShortDesc>Start Format</ShortDesc>
    <LongDesc>The ^XA command is used at the beginning of ZPL II code. It is the opening bracket and indicates the start of a new label format.\r\nThis command is substituted with a single ASCII control character STX (control-B, hexadecimal 02).</LongDesc>
    <Usage>^XA\r\nComments Valid ZPL II format requires that label formats should start with the ^XA command and end with the ^XZ command.</Usage>
    <Command>^XA</Command>
  </ZPLCommand>
  <ZPLCommand>
    <Name>^XZ</Name>
    <Category>Others</Category>
    <ShortDesc>End Format</ShortDesc>
    <LongDesc>The ^XZ command is the ending (closing) bracket. It indicates the end of a label format.\r\nWhen this command is received, a label prints. This command can also be issued as a single ASCII control character ETX (Control-C, hexadecimal 03).</LongDesc>
    <Usage>^XZ\r\nComments Valid ZPL II format requires that label formats should start with the ^XA command and end with the ^XZ command.</Usage>
    <Command>^XZ</Command>
  </ZPLCommand>
</ArrayOfZPLCommand>