<?xml version="1.0" encoding="utf-8"?>
<ArrayOfLabelFormat xmlns:xsi="http://www.w3.org/2001/XMLSchema-instance" xmlns:xsd="http://www.w3.org/2001/XMLSchema">
  <LabelFormat>
    <Name>None</Name>
    <Width>0</Width>
    <Height>0</Height>
  </LabelFormat>
  <LabelFormat>
    <Name>A5 Portrait</Name>
    <Width>148</Width>
    <Height>210</Height>
  </LabelFormat>
  <LabelFormat>
    <Name>A5 Landscape</Name>
    <Width>210</Width>
    <Height>148</Height>
  </LabelFormat>
  <LabelFormat>
  <Name>A6 Portrait</Name>
  <Width>105</Width>
  <Height>148</Height>
  </LabelFormat>
  <LabelFormat>
    <Name>A6 Landscape</Name>
    <Width>148</Width>
    <Height>105</Height>
  </LabelFormat>
  <LabelFormat>
    <Name>A7 Portrait</Name>
    <Width>74</Width>
    <Height>105</Height>
  </LabelFormat>
  <LabelFormat>
    <Name>A7 Landscape</Name>
    <Width>105</Width>
    <Height>74</Height>
  </LabelFormat>
  <LabelFormat>
    <Name>A8 Portrait</Name>
    <Width>52</Width>
    <Height>74</Height>
  </LabelFormat>
  <LabelFormat>
    <Name>A8 Landscape</Name>
    <Width>74</Width>
    <Height>52</Height>
  </LabelFormat>
  <LabelFormat>
    <Name>A9 Portrait</Name>
    <Width>37</Width>
    <Height>52</Height>
  </LabelFormat>
  <LabelFormat>
    <Name>A9 Landscape</Name>
    <Width>52</Width>
    <Height>37</Height>
  </LabelFormat>
  <LabelFormat>
    <Name>A10 Portrait</Name>
    <Width>26</Width>
    <Height>37</Height>
  </LabelFormat>
  <LabelFormat>
    <Name>A10 Landscape</Name>
    <Width>37</Width>
    <Height>26</Height>
  </LabelFormat>
  <LabelFormat>
    <Name>Custom ...</Name>
    <Width>9999</Width>
    <Height>9999</Height>
  </LabelFormat>
</ArrayOfLabelFormat>