<?xml version="1.0" encoding="utf-8"?>
<ArrayOfVariableSubstitution xmlns:xsi="http://www.w3.org/2001/XMLSchema-instance" xmlns:xsd="http://www.w3.org/2001/XMLSchema">
  <VariableSubstitution>
    <LabelName>FMCECP1</LabelName>
    <LabelDescription>Compo label</LabelDescription>
    <ArrayOfVariable>
      <Variable>
        <Name>#VZ_TXT_V_ENCODING#V</Name>
        <Description>Template encoding</Description>
        <Size>40</Size>
        <Value></Value>
      </Variable>
      <Variable>
        <Name>#VZ_SSCC#V</Name>
        <Description>SSCC</Description>
        <Size>18</Size>
        <Value>459026416400000075</Value>
      </Variable>
      <Variable>
        <Name>#VZ_PAGE_TOT#V</Name>
        <Description>Total page</Description>
        <Size>2</Size>
        <Value>01</Value>
      </Variable>
      <Variable>
        <Name>#VZ_REF#V</Name>
        <Description>Reference label</Description>
        <Size>40</Size>
        <Value>Ref</Value>
      </Variable>
      <Variable>
        <Name>#VZ_EAN_DESIGN#V</Name>
        <Description>EAN label</Description>
        <Size>40</Size>
        <Value>EAN</Value>
      </Variable>
      <Variable>
        <Name>#VZ_DESIGNATION#V</Name>
        <Description>Designation label</Description>
        <Size>40</Size>
        <Value>Designation</Value>
      </Variable>
      <Variable>
        <Name>#VZ_EXPIRY_GP#V</Name>
        <Description>Expiry group label</Description>
        <Size>40</Size>
        <Value>Expiry group</Value>
      </Variable>
      <Variable>
        <Name>#VZ_UNIT#V</Name>
        <Description>Unit label</Description>
        <Size>40</Size>
        <Value>Unit</Value>
      </Variable>
      <Variable>
        <Name>#VZ_BOX#V</Name>
        <Description>Box label</Description>
        <Size>40</Size>
        <Value>Box</Value>
      </Variable>
      <Variable>
        <Name>#VZ_QUANTITY#V</Name>
        <Description>quantity label</Description>
        <Size>20</Size>
        <Value>Quantity</Value>
      </Variable>
      <Variable>
        <Name>#VZ_TOTAL_LIG#V</Name>
        <Description>Total label</Description>
        <Size>2</Size>
        <Value>Total</Value>
      </Variable>
      <Variable>
        <Name>#VZ_ITEM_1#V</Name>
        <Description>Item 1</Description>
        <Size>20</Size>
        <Value>101862</Value>
      </Variable>
      <Variable>
        <Name>#VZ_DESIGN_1#V</Name>
        <Description>Designation 1</Description>
        <Size>40</Size>
        <Value>METYPRED 4MG TABL 30PL</Value>
      </Variable>
      <Variable>
        <Name>#VZ_EAN_1#V</Name>
        <Description>EAN 1</Description>
        <Size>20</Size>
        <Value>5909990316519</Value>
      </Variable>
      <Variable>
        <Name>#VZ_EXPIRY_1#V</Name>
        <Description>Expiry group 1</Description>
        <Size>40</Size>
        <Value>190930/1749064</Value>
      </Variable>
      <Variable>
        <Name>#VZ_BOX_QTY_1#V</Name>
        <Description>Box 1</Description>
        <Size>20</Size>
        <Value>1</Value>
      </Variable>
      <Variable>
        <Name>#VZ_UNIT_QTY_1#V</Name>
        <Description>Unit 1</Description>
        <Size>20</Size>
        <Value>0</Value>
      </Variable>
      <Variable>
        <Name>#VZ_TOTAL_QTY_1#V</Name>
        <Description>quantity 1</Description>
        <Size>20</Size>
        <Value>300</Value>
      </Variable>
      <Variable>
        <Name>#VZ_REV_VIDEO_1#V</Name>
        <Description>Reverse video 1</Description>
        <Size>60</Size>
        <Value></Value>
      </Variable>
      <Variable>
        <Name>#VZ_ITEM_2#V</Name>
        <Description>Item 2</Description>
        <Size>20</Size>
        <Value>101863</Value>
      </Variable>
      <Variable>
        <Name>#VZ_DESIGN_2#V</Name>
        <Description>Designation 2</Description>
        <Size>40</Size>
        <Value>METYPRED 4MG TABL 90PL</Value>
      </Variable>
      <Variable>
        <Name>#VZ_EAN_2#V</Name>
        <Description>EAN 2</Description>
        <Size>20</Size>
        <Value>5909990326523</Value>
      </Variable>
      <Variable>
        <Name>#VZ_EXPIRY_2#V</Name>
        <Description>Expiry group 2</Description>
        <Size>40</Size>
        <Value>290930/2749077</Value>
      </Variable>
      <Variable>
        <Name>#VZ_BOX_QTY_2#V</Name>
        <Description>Box 2</Description>
        <Size>20</Size>
        <Value>1</Value>
      </Variable>
      <Variable>
        <Name>#VZ_UNIT_QTY_2#V</Name>
        <Description>Unit 2</Description>
        <Size>20</Size>
        <Value>3</Value>
      </Variable>
      <Variable>
        <Name>#VZ_TOTAL_QTY_2#V</Name>
        <Description>quantity 2</Description>
        <Size>20</Size>
        <Value>43</Value>
      </Variable>
      <Variable>
        <Name>#VZ_REV_VIDEO_2#V</Name>
        <Description>Reverse video 2</Description>
        <Size>60</Size>
        <Value></Value>
      </Variable>
      <Variable>
        <Name>#VZ_ITEM_3#V</Name>
        <Description>Item 3</Description>
        <Size>20</Size>
        <Value></Value>
      </Variable>
      <Variable>
        <Name>#VZ_DESIGN_3#V</Name>
        <Description>Designation 3</Description>
        <Size>40</Size>
        <Value></Value>
      </Variable>
      <Variable>
        <Name>#VZ_EAN_3#V</Name>
        <Description>EAN 3</Description>
        <Size>20</Size>
        <Value></Value>
      </Variable>
      <Variable>
        <Name>#VZ_EXPIRY_3#V</Name>
        <Description>Expiry group 3</Description>
        <Size>40</Size>
        <Value></Value>
      </Variable>
      <Variable>
        <Name>#VZ_BOX_QTY_3#V</Name>
        <Description>Box 3</Description>
        <Size>20</Size>
        <Value></Value>
      </Variable>
      <Variable>
        <Name>#VZ_UNIT_QTY_3#V</Name>
        <Description>Unit 3</Description>
        <Size>20</Size>
        <Value></Value>
      </Variable>
      <Variable>
        <Name>#VZ_TOTAL_QTY_3#V</Name>
        <Description>quantity 3</Description>
        <Size>20</Size>
        <Value></Value>
      </Variable>
      <Variable>
        <Name>#VZ_REV_VIDEO_3#V</Name>
        <Description>Reverse video 3</Description>
        <Size>60</Size>
        <Value></Value>
      </Variable>
      <Variable>
        <Name>#VZ_ITEM_4#V</Name>
        <Description>Item 4</Description>
        <Size>20</Size>
        <Value></Value>
      </Variable>
      <Variable>
        <Name>#VZ_DESIGN_4#V</Name>
        <Description>Designation 4</Description>
        <Size>40</Size>
        <Value></Value>
      </Variable>
      <Variable>
        <Name>#VZ_EAN_4#V</Name>
        <Description>EAN 4</Description>
        <Size>20</Size>
        <Value></Value>
      </Variable>
      <Variable>
        <Name>#VZ_EXPIRY_4#V</Name>
        <Description>Expiry group 4</Description>
        <Size>40</Size>
        <Value></Value>
      </Variable>
      <Variable>
        <Name>#VZ_BOX_QTY_4#V</Name>
        <Description>Box 4</Description>
        <Size>20</Size>
        <Value></Value>
      </Variable>
      <Variable>
        <Name>#VZ_UNIT_QTY_4#V</Name>
        <Description>Unit 4</Description>
        <Size>20</Size>
        <Value></Value>
      </Variable>
      <Variable>
        <Name>#VZ_TOTAL_QTY_4#V</Name>
        <Description>quantity 4</Description>
        <Size>20</Size>
        <Value></Value>
      </Variable>
      <Variable>
        <Name>#VZ_REV_VIDEO_4#V</Name>
        <Description>Reverse video 4</Description>
        <Size>60</Size>
        <Value></Value>
      </Variable>
      <Variable>
        <Name>#VZ_ITEM_5#V</Name>
        <Description>Item 5</Description>
        <Size>20</Size>
        <Value></Value>
      </Variable>
      <Variable>
        <Name>#VZ_DESIGN_5#V</Name>
        <Description>Designation 5</Description>
        <Size>40</Size>
        <Value></Value>
      </Variable>
      <Variable>
        <Name>#VZ_EAN_5#V</Name>
        <Description>EAN 5</Description>
        <Size>20</Size>
        <Value></Value>
      </Variable>
      <Variable>
        <Name>#VZ_EXPIRY_5#V</Name>
        <Description>Expiry group 5</Description>
        <Size>40</Size>
        <Value></Value>
      </Variable>
      <Variable>
        <Name>#VZ_BOX_QTY_5#V</Name>
        <Description>Box 5</Description>
        <Size>20</Size>
        <Value></Value>
      </Variable>
      <Variable>
        <Name>#VZ_UNIT_QTY_5#V</Name>
        <Description>Unit 5</Description>
        <Size>20</Size>
        <Value></Value>
      </Variable>
      <Variable>
        <Name>#VZ_TOTAL_QTY_5#V</Name>
        <Description>quantity 5</Description>
        <Size>20</Size>
        <Value></Value>
      </Variable>
      <Variable>
        <Name>#VZ_REV_VIDEO_5#V</Name>
        <Description>Reverse video 5</Description>
        <Size>60</Size>
        <Value></Value>
      </Variable>
      <Variable>
        <Name>#VZ_ITEM_6#V</Name>
        <Description>Item 6</Description>
        <Size>20</Size>
        <Value></Value>
      </Variable>
      <Variable>
        <Name>#VZ_DESIGN_6#V</Name>
        <Description>Designation 6</Description>
        <Size>40</Size>
        <Value></Value>
      </Variable>
      <Variable>
        <Name>#VZ_EAN_6#V</Name>
        <Description>EAN 6</Description>
        <Size>20</Size>
        <Value></Value>
      </Variable>
      <Variable>
        <Name>#VZ_EXPIRY_6#V</Name>
        <Description>Expiry group 6</Description>
        <Size>40</Size>
        <Value></Value>
      </Variable>
      <Variable>
        <Name>#VZ_BOX_QTY_6#V</Name>
        <Description>Box 6</Description>
        <Size>20</Size>
        <Value></Value>
      </Variable>
      <Variable>
        <Name>#VZ_UNIT_QTY_6#V</Name>
        <Description>Unit 6</Description>
        <Size>20</Size>
        <Value></Value>
      </Variable>
      <Variable>
        <Name>#VZ_TOTAL_QTY_6#V</Name>
        <Description>quantity 6</Description>
        <Size>20</Size>
        <Value></Value>
      </Variable>
      <Variable>
        <Name>#VZ_REV_VIDEO_6#V</Name>
        <Description>Reverse video 6</Description>
        <Size>60</Size>
        <Value></Value>
      </Variable>
      <Variable>
        <Name>#VZ_ITEM_7#V</Name>
        <Description>Item 7</Description>
        <Size>20</Size>
        <Value></Value>
      </Variable>
      <Variable>
        <Name>#VZ_DESIGN_7#V</Name>
        <Description>Designation 7</Description>
        <Size>40</Size>
        <Value></Value>
      </Variable>
      <Variable>
        <Name>#VZ_EAN_7#V</Name>
        <Description>EAN 7</Description>
        <Size>20</Size>
        <Value></Value>
      </Variable>
      <Variable>
        <Name>#VZ_EXPIRY_7#V</Name>
        <Description>Expiry group 7</Description>
        <Size>40</Size>
        <Value></Value>
      </Variable>
      <Variable>
        <Name>#VZ_BOX_QTY_7#V</Name>
        <Description>Box 7</Description>
        <Size>20</Size>
        <Value></Value>
      </Variable>
      <Variable>
        <Name>#VZ_UNIT_QTY_7#V</Name>
        <Description>Unit 7</Description>
        <Size>20</Size>
        <Value></Value>
      </Variable>
      <Variable>
        <Name>#VZ_TOTAL_QTY_7#V</Name>
        <Description>quantity 7</Description>
        <Size>20</Size>
        <Value></Value>
      </Variable>
      <Variable>
        <Name>#VZ_REV_VIDEO_7#V</Name>
        <Description>Reverse video 7</Description>
        <Size>60</Size>
        <Value></Value>
      </Variable>
      <Variable>
        <Name>#VZ_ITEM_8#V</Name>
        <Description>Item 8</Description>
        <Size>20</Size>
        <Value></Value>
      </Variable>
      <Variable>
        <Name>#VZ_DESIGN_8#V</Name>
        <Description>Designation 8</Description>
        <Size>40</Size>
        <Value></Value>
      </Variable>
      <Variable>
        <Name>#VZ_EAN_8#V</Name>
        <Description>EAN 8</Description>
        <Size>20</Size>
        <Value></Value>
      </Variable>
      <Variable>
        <Name>#VZ_EXPIRY_8#V</Name>
        <Description>Expiry group 8</Description>
        <Size>40</Size>
        <Value></Value>
      </Variable>
      <Variable>
        <Name>#VZ_BOX_QTY_8#V</Name>
        <Description>Box 8</Description>
        <Size>20</Size>
        <Value></Value>
      </Variable>
      <Variable>
        <Name>#VZ_UNIT_QTY_8#V</Name>
        <Description>Unit 8</Description>
        <Size>20</Size>
        <Value></Value>
      </Variable>
      <Variable>
        <Name>#VZ_TOTAL_QTY_8#V</Name>
        <Description>quantity 8</Description>
        <Size>20</Size>
        <Value></Value>
      </Variable>
      <Variable>
        <Name>#VZ_REV_VIDEO_8#V</Name>
        <Description>Reverse video 8</Description>
        <Size>60</Size>
        <Value></Value>
      </Variable>
      <Variable>
        <Name>#VZ_ITEM_9#V</Name>
        <Description>Item 9</Description>
        <Size>20</Size>
        <Value></Value>
      </Variable>
      <Variable>
        <Name>#VZ_DESIGN_9#V</Name>
        <Description>Designation 9</Description>
        <Size>40</Size>
        <Value></Value>
      </Variable>
      <Variable>
        <Name>#VZ_EAN_9#V</Name>
        <Description>EAN 9</Description>
        <Size>20</Size>
        <Value></Value>
      </Variable>
      <Variable>
        <Name>#VZ_EXPIRY_9#V</Name>
        <Description>Expiry group 9</Description>
        <Size>40</Size>
        <Value></Value>
      </Variable>
      <Variable>
        <Name>#VZ_BOX_QTY_9#V</Name>
        <Description>Box 9</Description>
        <Size>20</Size>
        <Value></Value>
      </Variable>
      <Variable>
        <Name>#VZ_UNIT_QTY_9#V</Name>
        <Description>Unit 9</Description>
        <Size>20</Size>
        <Value></Value>
      </Variable>
      <Variable>
        <Name>#VZ_TOTAL_QTY_9#V</Name>
        <Description>quantity 9</Description>
        <Size>20</Size>
        <Value></Value>
      </Variable>
      <Variable>
        <Name>#VZ_REV_VIDEO_9#V</Name>
        <Description>Reverse video 9</Description>
        <Size>60</Size>
        <Value></Value>
      </Variable>
      <Variable>
        <Name>#VZ_ITEM_10#V</Name>
        <Description>Item 10</Description>
        <Size>20</Size>
        <Value></Value>
      </Variable>
      <Variable>
        <Name>#VZ_DESIGN_10#V</Name>
        <Description>Designation 10</Description>
        <Size>40</Size>
        <Value></Value>
      </Variable>
      <Variable>
        <Name>#VZ_EAN_10#V</Name>
        <Description>EAN 10</Description>
        <Size>20</Size>
        <Value></Value>
      </Variable>
      <Variable>
        <Name>#VZ_EXPIRY_10#V</Name>
        <Description>Expiry group 10</Description>
        <Size>40</Size>
        <Value></Value>
      </Variable>
      <Variable>
        <Name>#VZ_BOX_QTY_10#V</Name>
        <Description>Box 10</Description>
        <Size>20</Size>
        <Value></Value>
      </Variable>
      <Variable>
        <Name>#VZ_UNIT_QTY_10#V</Name>
        <Description>Unit 10</Description>
        <Size>20</Size>
        <Value></Value>
      </Variable>
      <Variable>
        <Name>#VZ_TOTAL_QTY_10#V</Name>
        <Description>quantity 10</Description>
        <Size>20</Size>
        <Value></Value>
      </Variable>
      <Variable>
        <Name>#VZ_REV_VIDEO_10#V</Name>
        <Description>Reverse video 10</Description>
        <Size>60</Size>
        <Value></Value>
      </Variable>
      <Variable>
        <Name>#VZ_PAGE_NUM#V</Name>
        <Description>Page number</Description>
        <Size>2</Size>
        <Value>01</Value>
      </Variable>
      <Variable>
        <Name>#VZ_TOTAL#V</Name>
        <Description>Total number</Description>
        <Size>20</Size>
        <Value>Total</Value>
      </Variable>
      <Variable>
        <Name>#VZ_TOTAL_BOX#V</Name>
        <Description>Box total</Description>
        <Size>20</Size>
        <Value>2</Value>
      </Variable>
      <Variable>
        <Name>#VZ_TOTAL_UNIT#V</Name>
        <Description>Unit total</Description>
        <Size>20</Size>
        <Value>3</Value>
      </Variable>
      <Variable>
        <Name>#VZ_TOTAL_ALL#V</Name>
        <Description>total</Description>
        <Size>20</Size>
        <Value>343</Value>
      </Variable>
    </ArrayOfVariable>
    <LabelName>FMST83</LabelName>
    <LabelDescription>HD label</LabelDescription>
    <ArrayOfVariable>
      <Variable>
        <Name>#VZ_TXT_V_CUSTOMER#V</Name>
        <Description>Activity name</Description>
        <Size>30</Size>
        <Value>BOURJOIS</Value>
      </Variable>
      <Variable>
        <Name>#VZ_TXT_L_SSCC#V</Name>
        <Description>SSCC text</Description>
        <Size>512</Size>
        <Value>SSCC : </Value>
      </Variable>
      <Variable>
        <Name>#VZ_TXT_V_SSCC#V</Name>
        <Description>SSCC Number (beginning)</Description>
        <Size>15</Size>
        <Value>330525000</Value>
      </Variable>
      <Variable>
        <Name>#VZ_TXT_V_SSCC_9_DER#V</Name>
        <Description>SSCC Number (End)</Description>
        <Size>15</Size>
        <Value>035 167 992</Value>
      </Variable>
      <Variable>
        <Name>#VZ_TXT_L_CONTENT#V</Name>
        <Description>Content text</Description>
        <Size>512</Size>
        <Value>CONTENU : </Value>
      </Variable>
      <Variable>
        <Name>#VZ_TXT_V_CONTENT#V</Name>
        <Description>Content</Description>
        <Size>14</Size>
        <Value>13140100025979</Value>
      </Variable>
      <Variable>
        <Name>#VZ_TXT_L_COUNT#V</Name>
        <Description>Count text</Description>
        <Size>512</Size>
        <Value>NOMBRE : </Value>
      </Variable>
      <Variable>
        <Name>#VZ_TXT_V_COUNT#V</Name>
        <Description>Count</Description>
        <Size>4</Size>
      </Variable>
      <Variable>
        <Name>#VZ_TXT_V_COUNT_4N#V</Name>
        <Description>Count</Description>
        <Size>4</Size>
      </Variable>
      <Variable>
        <Name>#VZ_TXT_L_WEIGHT_PALLET#V</Name>
        <Description>Weight Pallet text</Description>
        <Size>512</Size>
        <Value>POIDS PALETTE : </Value>
      </Variable>
      <Variable>
        <Name>#VZ_TXT_V_WEIGHT_PALLET#V</Name>
        <Description>Weight Pallet</Description>
        <Size>8</Size>
        <Value>  18 KG</Value>
      </Variable>
      <Variable>
        <Name>#VZ_TXT_V_WEIGHT_PALLET_4N#V</Name>
        <Description>Weight Pallet</Description>
        <Size>4</Size>
      </Variable>
      <Variable>
        <Name>#VZ_TXT_L_ITEM#V</Name>
        <Description>Item text</Description>
        <Size>512</Size>
        <Value>ARTICLE : </Value>
      </Variable>
      <Variable>
        <Name>#VZ_TXT_V_ITEM#V</Name>
        <Description>Item</Description>
        <Size>16</Size>
        <Value>21002597</Value>
      </Variable>
      <Variable>
        <Name>#VZ_TXT_L_WEIGHT_SUPPORTED#V</Name>
        <Description>Weight Supported text</Description>
        <Size>512</Size>
        <Value>POIDS SUPPORTE : </Value>
      </Variable>
      <Variable>
        <Name>#VZ_TXT_V_WEIGHT_SUPP#V</Name>
        <Description>Weight Supported</Description>
        <Size>4</Size>
      </Variable>
      <Variable>
        <Name>#VZ_TXT_L_NB_PAL_MAX#V</Name>
        <Description>Nb Pal Max text</Description>
        <Size>512</Size>
        <Value>NB PAL MAX : </Value>
      </Variable>
      <Variable>
        <Name>#VZ_TXT_V_NB_PAL_MAX#V</Name>
        <Description>Nb Pal Max</Description>
        <Size>1</Size>
      </Variable>
      <Variable>
        <Name>#VZ_TXT_L_ITEM_DESCRIPTION#V</Name>
        <Description>Item Description text</Description>
        <Size>512</Size>
        <Value>LIBELLE ARTICLE : </Value>
      </Variable>
      <Variable>
        <Name>#VZ_TXT_V_ITEM_DESCRIPT#V</Name>
        <Description>Item Label</Description>
        <Size>30</Size>
        <Value>PRODUIT ANCIEN COIFFAGE P</Value>
      </Variable>
      <Variable>
        <Name>#VZ_TXT_L_PRIO_DATE#V</Name>
        <Description>Item date Label (archive-by date / use-by date …)</Description>
        <Size>512</Size>
        <Value>A CONSOMMER DE PREFERENCE</Value>
      </Variable>
      <Variable>
        <Name>#VZ_TXT_V_DATE#V</Name>
        <Description>Item date (archive-by date / use-by date …)</Description>
        <Size>10</Size>
        <Value>04/03/2020</Value>
      </Variable>
      <Variable>
        <Name>#VZ_TXT_L_BATCH_NUMBER#V</Name>
        <Description>Batch number text</Description>
        <Size>512</Size>
        <Value>LOT : </Value>
      </Variable>
      <Variable>
        <Name>#VZ_TXT_V_BATCH_NUMBER#V</Name>
        <Description>Batch number</Description>
        <Size>20</Size>
        <Value>^A0N,88,88^FO490,690^FVFB1^FS</Value>
      </Variable>
      <Variable>
        <Name>#VZ_BAR_V_EAN_128#V</Name>
        <Description>EAN 128 barcode</Description>
        <Size>78</Size>
        <Value>0113140100025979379999</Value>
      </Variable>
      <Variable>
        <Name>#VZ_BAR_V_NUM_SSCC#V</Name>
        <Description>SSCC barcode</Description>
        <Size>78</Size>
        <Value>^BY2^FO100,999^BCN,120,N,N,Y^FV&gt;:0033604280000000172610FB1^FS</Value>
      </Variable>
      <Variable>
        <Name>#VZ_TXT_L_DATE_OF_PRINTING#V</Name>
        <Description>Date of printing text</Description>
        <Size>512</Size>
        <Value>Date d’impression : </Value>
      </Variable>
      <Variable>
        <Name>#VZ_TXT_V_DAT_PRINT#V</Name>
        <Description>Date of printing</Description>
        <Size>20</Size>
        <Value>21/09/2016  11:41:31</Value>
      </Variable>
      <Variable>
        <Name>#VZ_TXT_V_EAN_128#V</Name>
        <Description>EN 128 value</Description>
        <Size>78</Size>
        <Value>(01)13140100025979(37)9999</Value>
      </Variable>
      <Variable>
        <Name>#VZ_TXT_V_NUM_SSCC#V</Name>
        <Description>SSCC value</Description>
        <Size>78</Size>
        <Value>(00)336042800000001726(10)FB1</Value>
      </Variable>
      <Variable>
        <Name>#VZ_TXT_L_COUNT_IV#V</Name>
        <Description>Count text reverse video</Description>
        <Size>64</Size>
        <Value>^A0N,28,28^FR^FO432,216^FVCOLIS^FS</Value>
      </Variable>
      <Variable>
        <Name>#VZ_TXT_V_COUNT_UNI#V</Name>
        <Description>Count unit reverse video</Description>
        <Size>64</Size>
        <Value>^A0N,56,56^FR^FO440,270^FV9999^FS</Value>
      </Variable>
      <Variable>
        <Name>#VZ_TXT_V_CADRE_IV#V</Name>
        <Description>Count unit frame reverse video</Description>
        <Size>64</Size>
        <Value>^FO411,199^GB0,1,148,B^FS</Value>
      </Variable>
      <Variable>
        <Name>#VZ_TXT_V_QTE_10#V</Name>
        <Description>Qty in units (level 10)</Description>
        <Size>9</Size>
      </Variable>
      <Variable>
        <Name>#VZ_TXT_L_QTE_10#V</Name>
        <Description>Qty in units (level 10) (Label)</Description>
        <Size>512</Size>
      </Variable>
      <Variable>
        <Name>#VZ_TXT_V_QTE_20#V</Name>
        <Description>Qty in units (level 20)</Description>
        <Size>9</Size>
      </Variable>
      <Variable>
        <Name>#VZ_TXT_L_QTE_20#V</Name>
        <Description>Qty in units (level 20) (Label)</Description>
        <Size>512</Size>
      </Variable>
      <Variable>
        <Name>#VZ_TXT_V_EAN13_10#V</Name>
        <Description>LV ID: EAN13 of the base LV (level 10)</Description>
        <Size>35</Size>
      </Variable>
      <Variable>
        <Name>#VZ_TXT_V_EAN14_10#V</Name>
        <Description>LV ID: EAN14 of the LV (level 10)</Description>
        <Size>35</Size>
      </Variable>
      <Variable>
        <Name>#VZ_TXT_V_ID_REF_10#V</Name>
        <Description>LV ID : ID REF of the LV (level 10)</Description>
        <Size>35</Size>
      </Variable>
      <Variable>
        <Name>#VZ_TXT_V_ID_OTHER_10#V</Name>
        <Description>LV ID : ID OTHER of the LV (level 10)</Description>
        <Size>35</Size>
      </Variable>
      <Variable>
        <Name>#VZ_TXT_V_EAN13_15#V</Name>
        <Description>LV ID: EAN13 of the LV (level 15)</Description>
        <Size>35</Size>
      </Variable>
      <Variable>
        <Name>#VZ_TXT_V_EAN14_15#V</Name>
        <Description>LV ID: EAN14 of the LV (level 15)</Description>
        <Size>35</Size>
      </Variable>
      <Variable>
        <Name>#VZ_TXT_V_ID_REF_15#V</Name>
        <Description>LV ID : ID REF of the LV (level 15)</Description>
        <Size>35</Size>
      </Variable>
      <Variable>
        <Name>#VZ_TXT_V_ID_OTHER_15#V</Name>
        <Description>LV ID : ID OTHER of the LV (level 15)</Description>
        <Size>35</Size>
      </Variable>
      <Variable>
        <Name>#VZ_TXT_V_EAN13_20#V</Name>
        <Description>LV ID: EAN13 of the base LV (level 20)</Description>
        <Size>35</Size>
      </Variable>
      <Variable>
        <Name>#VZ_TXT_V_EAN14_20#V</Name>
        <Description>LV ID: EAN14 of the LV (level 20)</Description>
        <Size>35</Size>
      </Variable>
      <Variable>
        <Name>#VZ_TXT_V_ID_REF_20#V</Name>
        <Description>LV ID : REF of the LV (level 20)</Description>
        <Size>35</Size>
      </Variable>
      <Variable>
        <Name>#VZ_TXT_V_ID_OTHER_20#V</Name>
        <Description>LV ID : ID OTHER of the LV (level 20)</Description>
        <Size>35</Size>
      </Variable>
      <Variable>
        <Name>#VZ_TXT_V_EAN13_30#V</Name>
        <Description>LV ID: EAN13 of the base LV (level 30)</Description>
        <Size>35</Size>
      </Variable>
      <Variable>
        <Name>#VZ_TXT_V_EAN14_30#V</Name>
        <Description>LV ID: EAN14 of the LV (level 30)</Description>
        <Size>35</Size>
      </Variable>
      <Variable>
        <Name>#VZ_TXT_V_ID_REF_30#V</Name>
        <Description>LV ID : ID REF of the LV (level 30)</Description>
        <Size>35</Size>
      </Variable>
      <Variable>
        <Name>#VZ_TXT_V_ID_OTHER_30#V</Name>
        <Description>LV ID : ID OTHER of the LV (level 30)</Description>
        <Size>35</Size>
      </Variable>
      <Variable>
        <Name>#VZ_LV_ID_ALL#V</Name>
        <Description>All LV ID</Description>
        <Size>120</Size>
      </Variable>
      <Variable>
        <Name>#VZ_TXT_V_UBD_DD#V</Name>
        <Description>Use by date’s day value</Description>
        <Size>2</Size>
      </Variable>
      <Variable>
        <Name>#VZ_TXT_V_UBD_MM#V</Name>
        <Description>Use by date’s month value</Description>
        <Size>2</Size>
      </Variable>
      <Variable>
        <Name>#VZ_TXT_V_UBD_YY#V</Name>
        <Description>Use by date’s year (2 last digits) value</Description>
        <Size>2</Size>
      </Variable>
      <Variable>
        <Name>#VZ_TXT_V_UDB_CC#V</Name>
        <Description>Use by date’s century value</Description>
        <Size>2</Size>
      </Variable>
      <Variable>
        <Name>#VZ_TXT_V_UBD#V</Name>
        <Description>Use by date’s value</Description>
        <Size>6</Size>
      </Variable>
      <Variable>
        <Name>#VZ_TXT_L_UBD#V</Name>
        <Description>Use by date (Label)</Description>
        <Size>512</Size>
      </Variable>
      <Variable>
        <Name>#VZ_TXT_V_SBD_DD#V</Name>
        <Description>Sell by date’s day value</Description>
        <Size>2</Size>
      </Variable>
      <Variable>
        <Name>#VZ_TXT_V_SBD_MM#V</Name>
        <Description>Sell by date’s month value</Description>
        <Size>2</Size>
      </Variable>
      <Variable>
        <Name>#VZ_TXT_V_SBD_YY#V</Name>
        <Description>Sell by date’s year (2 last digits) value</Description>
        <Size>2</Size>
      </Variable>
      <Variable>
        <Name>#VZ_TXT_V_SDB_CC#V</Name>
        <Description>Sell by date’s century value</Description>
        <Size>2</Size>
      </Variable>
      <Variable>
        <Name>#VZ_TXT_V_SBD#V</Name>
        <Description>Sell by date’s value</Description>
        <Size>6</Size>
      </Variable>
      <Variable>
        <Name>#VZ_TXT_L_SBD#V</Name>
        <Description>Sell by date (Label)</Description>
        <Size>512</Size>
      </Variable>
      <Variable>
        <Name>#VZ_TXT_V_BBD_DD#V</Name>
        <Description>Best before date’s day value</Description>
        <Size>2</Size>
      </Variable>
      <Variable>
        <Name>#VZ_TXT_V_BBD_MM#V</Name>
        <Description>Best before date’s month value</Description>
        <Size>2</Size>
      </Variable>
      <Variable>
        <Name>#VZ_TXT_V_BBD_YY#V</Name>
        <Description>Best before date’s year value</Description>
        <Size>2</Size>
      </Variable>
      <Variable>
        <Name>#VZ_TXT_V_BBD_CC#V</Name>
        <Description>Best before date’s century value</Description>
        <Size>2</Size>
      </Variable>
      <Variable>
        <Name>#VZ_TXT_V_BBD#V</Name>
        <Description>Best before date’s value</Description>
        <Size>6</Size>
      </Variable>
      <Variable>
        <Name>#VZ_TXT_L_BBD#V</Name>
        <Description>Best before date (Label)</Description>
        <Size>512</Size>
      </Variable>
      <Variable>
        <Name>#VZ_TXT_V_MANUFACTURE_DD#V</Name>
        <Description>Manufacturing date’s day value</Description>
        <Size>2</Size>
      </Variable>
      <Variable>
        <Name>#VZ_TXT_V_MANUFACTURE_MM#V</Name>
        <Description>Manufacturing date’s month value</Description>
        <Size>2</Size>
      </Variable>
      <Variable>
        <Name>#VZ_TXT_V_MANUFACTURE_YY#V</Name>
        <Description>Manufacturing date’s year value</Description>
        <Size>2</Size>
      </Variable>
      <Variable>
        <Name>#VZ_TXT_V_MANUFACTURE_CC#V</Name>
        <Description>Manufacturing date’s century value</Description>
        <Size>2</Size>
      </Variable>
      <Variable>
        <Name>#VZ_TXT_V_MANUFACTURE_DATE#V</Name>
        <Description>Manufacturing date’s value</Description>
        <Size>6</Size>
      </Variable>
      <Variable>
        <Name>#VZ_TXT_L_MANUFACTURE_DATE#V</Name>
        <Description>Manufacturing date (Label)</Description>
        <Size>512</Size>
      </Variable>
      <Variable>
        <Name>#VZ_TXT_V_REC_DATE_DD#V</Name>
        <Description>Reception date’s day value</Description>
        <Size>2</Size>
      </Variable>
      <Variable>
        <Name>#VZ_TXT_V_REC_DATE_MM#V</Name>
        <Description>Reception date’s month value</Description>
        <Size>2</Size>
      </Variable>
      <Variable>
        <Name>#VZ_TXT_V_REC_DATE_CC#V</Name>
        <Description>Reception date’s century value</Description>
        <Size>2</Size>
      </Variable>
      <Variable>
        <Name>#VZ_TXT_V_REC_DATE_YY#V</Name>
        <Description>Reception date’s year value</Description>
        <Size>2</Size>
      </Variable>
      <Variable>
        <Name>#VZ_TXT_V_REC_DATE#V</Name>
        <Description>Reception date’s value</Description>
        <Size>6</Size>
      </Variable>
      <Variable>
        <Name>#VZ_TXT_L_REC_DATE#V</Name>
        <Description>Reception date (Label)</Description>
        <Size>512</Size>
      </Variable>
      <Variable>
        <Name>#VZ_TXT_V_ITEM_DESIGNATION#V</Name>
        <Description>Item designation</Description>
        <Size>230</Size>
      </Variable>
      <Variable>
        <Name>#VZ_TXT_L_ITEM_DESIGNATION#V</Name>
        <Description>Item designation (Label)</Description>
        <Size>512</Size>
      </Variable>
      <Variable>
        <Name>#VZ_TXT_V_ITEM_KEYWORD#V</Name>
        <Description>Item keyword</Description>
        <Size>15</Size>
      </Variable>
      <Variable>
        <Name>#VZ_TXT_L_ITEM_KEYWORD#V</Name>
        <Description>Item keyword (Label)</Description>
        <Size>512</Size>
      </Variable>
      <Variable>
        <Name>#VZ_TXT_V_ITEM_W_CODE#V</Name>
        <Description>Item working code</Description>
        <Size>16</Size>
      </Variable>
      <Variable>
        <Name>#VZ_TXT_L_ITEM_W_CODE#V</Name>
        <Description>Item working code (Label)</Description>
        <Size>512</Size>
      </Variable>
      <Variable>
        <Name>#VZ_TXT_V_ENCODING#V</Name>
        <Description>Template encoding</Description>
        <Size>60</Size>
      </Variable>
      <Variable>
        <Name>#VZ_TXT_L_BATCH_NUMBER_2#V</Name>
        <Description>Batch number text 2</Description>
        <Size>512</Size>
      </Variable>
      <Variable>
        <Name>#VZ_TXT_V_BATCH_NUMBER_2#V</Name>
        <Description>Batch number 2</Description>
        <Size>20</Size>
      </Variable>
      <Variable>
        <Name>#VZ_TXT_L_BATCH_NUMBER_3#V</Name>
        <Description>Batch number text 3</Description>
        <Size>512</Size>
      </Variable>
      <Variable>
        <Name>#VZ_TXT_V_BATCH_NUMBER_3#V</Name>
        <Description>Batch number 3</Description>
        <Size>20</Size>
      </Variable>
    </ArrayOfVariable>
  </VariableSubstitution>
  <VariableSubstitution>
    <LabelName>FMCG72</LabelName>
    <LabelDescription>Consignee label</LabelDescription>
    <ArrayOfVariable>
      <Variable>
        <Name>#VZ_CUSTOMER#V</Name>
        <Description>Activity name</Description>
        <Size>30</Size>
        <Value>EUGENE PERMA FRANCE</Value>
      </Variable>
      <Variable>
        <Name>#VZ_TXT_SSCC#V</Name>
        <Description>SSCC text</Description>
        <Size>512</Size>
        <Value>SSCC : </Value>
      </Variable>
    </ArrayOfVariable>
  </VariableSubstitution>
  <VariableSubstitution>
    <LabelName>FMST8B</LabelName>
    <LabelDescription>Blank HD label</LabelDescription>
    <ArrayOfVariable>
      <Variable>
        <Name>#VZ_TXT_V_HANDLING_DEVICE_NUM_BEG#V</Name>
        <Description>SSCC Number (beginning)</Description>
        <Size>11</Size>
        <Value>330 525 000</Value>
      </Variable>
      <Variable>
        <Name>#VZ_TXT_V_HANDLING_DEVICE_NUM_END#V</Name>
        <Description>SSSCC Number (End)</Description>
        <Size>11</Size>
        <Value>035 057 323</Value>
      </Variable>
      <Variable>
        <Name>#VZ_TXT_V_LOCATION#V</Name>
        <Description>Location</Description>
        <Size>50</Size>
        <Value>AP 002 E2</Value>
      </Variable>
      <Variable>
        <Name>#VZ_TXT_L_V_EDIT_BY#V</Name>
        <Description>Edit By text</Description>
        <Size>50</Size>
        <Value>Généré par CHUMBERT</Value>
      </Variable>
      <Variable>
        <Name>#VZ_TXT_L_V_DATE#V</Name>
        <Description>Date of printing</Description>
        <Size>50</Size>
        <Value>Lun 26/09/16 à 15:28:21</Value>
      </Variable>
      <Variable>
        <Name>#VZ_BAR_V_HANDLING_DEVICE_NUM#V</Name>
        <Description>Barcode 1</Description>
        <Size>20</Size>
        <Value>00330525000035057323</Value>
      </Variable>
      <Variable>
        <Name>#VZ_BAR_V_HANDLING_DEVICE_NUM_2#V</Name>
        <Description>Barcode 2</Description>
        <Size>20</Size>
        <Value>00330525000035057323</Value>
      </Variable>
      <Variable>
        <Name>#VZ_TXT_L_ACTIVITY_CODE#V</Name>
        <Description>Activity’s label text</Description>
        <Size>50</Size>
        <Value>Act</Value>
      </Variable>
      <Variable>
        <Name>#VZ_TXT_V_ACTIVITY_CODE#V</Name>
        <Description>Activity’s value</Description>
        <Size>3</Size>
        <Value>BJS</Value>
      </Variable>
      <Variable>
        <Name>#VZ_TXT_L_PHY_DEP_CODE#V</Name>
        <Description>Physical depot’s label text</Description>
        <Size>50</Size>
        <Value>Dep</Value>
      </Variable>
      <Variable>
        <Name>#VZ_TXT_V_PHY_DEP_CODE#V</Name>
        <Description>Physical depot’ value</Description>
        <Size>3</Size>
        <Value>CPN</Value>
      </Variable>
      <Variable>
        <Name>#VZ_TXT_V_ENCODING#V</Name>
        <Description>Template encoding</Description>
        <Size>60</Size>
        <Value></Value>
      </Variable>
      <Variable>
        <Name>#VZ_TXT_V_ENCODING#V</Name>
        <Description>Template encoding</Description>
        <Size>60</Size>
        <Value></Value>
      </Variable>
    </ArrayOfVariable>
  </VariableSubstitution>
</ArrayOfVariableSubstitution>